appid,name,owners,owners_min,owners_max,owners_avg,positive,negative,average_forever
730,Counter-Strike: Global Offensive,"100,000,000 .. 200,000,000",100000000,200000000,150000000,7642084,1173003,0
578080,PUBG: BATTLEGROUNDS,"100,000,000 .. 200,000,000",100000000,200000000,150000000,1520457,1037487,0
271590,Grand Theft Auto V Legacy,"50,000,000 .. 100,000,000",50000000,100000000,75000000,1739980,250576,0
105600,Terraria,"20,000,000 .. 50,000,000",20000000,50000000,35000000,1373979,35494,0
359550,Tom Clancy's Rainbow Six Siege,"20,000,000 .. 50,000,000",20000000,50000000,35000000,1172854,225730,0
252490,Rust,"20,000,000 .. 50,000,000",20000000,50000000,35000000,1071135,156649,0
440,Team Fortress 2,"50,000,000 .. 100,000,000",50000000,100000000,75000000,1044264,117208,0
4000,Garry's Mod,"20,000,000 .. 50,000,000",20000000,50000000,35000000,1122546,37161,0
2358720,Black Myth: Wukong,"50,000,000 .. 100,000,000",50000000,100000000,75000000,1111720,38378,0
1245620,ELDEN RING,"20,000,000 .. 50,000,000",20000000,50000000,35000000,981540,75137,0
553850,HELLDIVERS 2,"20,000,000 .. 50,000,000",20000000,50000000,35000000,775883,241752,0
1172470,Apex Legends,"100,000,000 .. 200,000,000",100000000,200000000,150000000,668053,326926,0
550,Left 4 Dead 2,"50,000,000 .. 100,000,000",50000000,100000000,75000000,940221,23762,0
431960,Wallpaper Engine,"20,000,000 .. 50,000,000",20000000,50000000,35000000,876898,17560,0
413150,Stardew Valley,"20,000,000 .. 50,000,000",20000000,50000000,35000000,872384,13811,0
227300,Euro Truck Simulator 2,"10,000,000 .. 20,000,000",10000000,20000000,15000000,844480,22924,0
1091500,Cyberpunk 2077,"20,000,000 .. 50,000,000",20000000,50000000,35000000,713071,131850,0
292030,The Witcher 3: Wild Hunt,"20,000,000 .. 50,000,000",20000000,50000000,35000000,802993,32356,0
381210,Dead by Daylight,"20,000,000 .. 50,000,000",20000000,50000000,35000000,630223,166993,0
739630,Phasmophobia,"10,000,000 .. 20,000,000",10000000,20000000,15000000,736611,32168,0
1086940,Baldur's Gate 3,"20,000,000 .. 50,000,000",20000000,50000000,35000000,736688,23974,0
236390,War Thunder,"20,000,000 .. 50,000,000",20000000,50000000,35000000,484469,272617,0
1174180,Red Dead Redemption 2,"10,000,000 .. 20,000,000",10000000,20000000,15000000,676667,56875,0
346110,ARK: Survival Evolved,"20,000,000 .. 50,000,000",20000000,50000000,35000000,612177,117993,0
1938090,Call of Duty: Modern Warfare II,"50,000,000 .. 100,000,000",50000000,100000000,75000000,419594,294520,0
945360,Among Us,"20,000,000 .. 50,000,000",20000000,50000000,35000000,643681,57104,0
218620,PAYDAY 2,"20,000,000 .. 50,000,000",20000000,50000000,35000000,594327,68755,0
242760,The Forest,"20,000,000 .. 50,000,000",20000000,50000000,35000000,599805,27986,0
230410,Warframe,"20,000,000 .. 50,000,000",20000000,50000000,35000000,545393,81110,0
1085660,Destiny 2,"20,000,000 .. 50,000,000",20000000,50000000,35000000,497891,127725,0
252950,Rocket League,"10,000,000 .. 20,000,000",10000000,20000000,15000000,509445,73775,0
304930,Unturned,"50,000,000 .. 100,000,000",50000000,100000000,75000000,506516,48852,0
892970,Valheim,"10,000,000 .. 20,000,000",10000000,20000000,15000000,471451,28377,0
322330,Don't Starve Together,"10,000,000 .. 20,000,000",10000000,20000000,15000000,475393,23668,0
582010,Monster Hunter: World,"10,000,000 .. 20,000,000",10000000,20000000,15000000,434239,59151,0
1966720,Lethal Company,"10,000,000 .. 20,000,000",10000000,20000000,15000000,473422,13738,0
1097150,Fall Guys: Ultimate Knockout,"20,000,000 .. 50,000,000",20000000,50000000,35000000,385154,88589,0
239140,Dying Light,"10,000,000 .. 20,000,000",10000000,20000000,15000000,435687,21945,0
620,Portal 2,"5,000,000 .. 10,000,000",5000000,10000000,7500000,427835,5675,0
221100,DayZ,"10,000,000 .. 20,000,000",10000000,20000000,15000000,330349,99903,0
322170,Geometry Dash,"5,000,000 .. 10,000,000",5000000,10000000,7500000,401026,28895,0
367520,Hollow Knight,"5,000,000 .. 10,000,000",5000000,10000000,7500000,403641,12305,0
374320,DARK SOULS III,"5,000,000 .. 10,000,000",5000000,10000000,7500000,390326,23449,0
377160,Fallout 4,"10,000,000 .. 20,000,000",10000000,20000000,15000000,326054,66233,0
291550,Brawlhalla,"20,000,000 .. 50,000,000",20000000,50000000,35000000,314809,71647,0
1623730,Palworld,"50,000,000 .. 100,000,000",50000000,100000000,75000000,358266,22443,0
108600,Project Zomboid,"10,000,000 .. 20,000,000",10000000,20000000,15000000,355171,21892,0
251570,7 Days to Die,"10,000,000 .. 20,000,000",10000000,20000000,15000000,327889,42157,0
1172620,Sea of Thieves: 2026 Edition,"5,000,000 .. 10,000,000",5000000,10000000,7500000,317074,38164,0
960090,Bloons TD 6,"2,000,000 .. 5,000,000",2000000,5000000,3500000,344269,9691,0
275850,No Man's Sky,"5,000,000 .. 10,000,000",5000000,10000000,7500000,293332,59526,0
289070,Sid Meier’s Civilization VI,"10,000,000 .. 20,000,000",10000000,20000000,15000000,304053,45867,0
444090,Paladins,"10,000,000 .. 20,000,000",10000000,20000000,15000000,294373,52031,0
648800,Raft,"10,000,000 .. 20,000,000",10000000,20000000,15000000,323198,23161,0
250900,The Binding of Isaac: Rebirth,"5,000,000 .. 10,000,000",5000000,10000000,7500000,334165,9255,0
548430,Deep Rock Galactic,"5,000,000 .. 10,000,000",5000000,10000000,7500000,333587,9413,0
394360,Hearts of Iron IV,"5,000,000 .. 10,000,000",5000000,10000000,7500000,305168,36982,0
489830,The Elder Scrolls V: Skyrim Special Edition,"5,000,000 .. 10,000,000",5000000,10000000,7500000,310162,26896,0
1203220,NARAKA: BLADEPOINT,"10,000,000 .. 20,000,000",10000000,20000000,15000000,225960,98967,0
284160,BeamNG.drive,"5,000,000 .. 10,000,000",5000000,10000000,7500000,313873,8405,0
814380,Sekiro: Shadows Die Twice - GOTY Edition,"10,000,000 .. 20,000,000",10000000,20000000,15000000,307041,15193,0
990080,Hogwarts Legacy,"20,000,000 .. 50,000,000",20000000,50000000,35000000,289966,31429,0
72850,The Elder Scrolls V: Skyrim,"5,000,000 .. 10,000,000",5000000,10000000,7500000,300915,16364,0
264710,Subnautica,"5,000,000 .. 10,000,000",5000000,10000000,7500000,304449,9258,0
632360,Risk of Rain 2,"5,000,000 .. 10,000,000",5000000,10000000,7500000,293127,20450,0
1517290,Battlefield 2042,"10,000,000 .. 20,000,000",10000000,20000000,15000000,139186,158588,0
49520,Borderlands 2,"10,000,000 .. 20,000,000",10000000,20000000,15000000,272900,22318,0
1293830,Forza Horizon 4,"5,000,000 .. 10,000,000",5000000,10000000,7500000,263942,26975,0
1063730,New World: Aeternum,"50,000,000 .. 100,000,000",50000000,100000000,75000000,196798,90080,0
107410,Arma 3,"10,000,000 .. 20,000,000",10000000,20000000,15000000,256128,27136,0
1118200,People Playground,"5,000,000 .. 10,000,000",5000000,10000000,7500000,277746,4017,0
1145360,Hades,"5,000,000 .. 10,000,000",5000000,10000000,7500000,274829,4912,0
255710,Cities: Skylines,"10,000,000 .. 20,000,000",10000000,20000000,15000000,256362,19408,0
391540,Undertale,"5,000,000 .. 10,000,000",5000000,10000000,7500000,264082,8850,0
261550,Mount & Blade II: Bannerlord,"10,000,000 .. 20,000,000",10000000,20000000,15000000,232360,32031,0
1237970,Titanfall 2,"5,000,000 .. 10,000,000",5000000,10000000,7500000,244524,11664,0
1326470,Sons Of The Forest,"10,000,000 .. 20,000,000",10000000,20000000,15000000,222495,31051,0
1794680,Vampire Survivors,"5,000,000 .. 10,000,000",5000000,10000000,7500000,246479,3855,0
1238810,Battlefield V,"10,000,000 .. 20,000,000",10000000,20000000,15000000,177352,72936,0
10,Counter-Strike,"10,000,000 .. 20,000,000",10000000,20000000,15000000,243818,6427,0
594650,Hunt: Showdown 1896,"10,000,000 .. 20,000,000",10000000,20000000,15000000,181110,67110,0
203160,Tomb Raider Game of the Year,"5,000,000 .. 10,000,000",5000000,10000000,7500000,238239,9691,0
220,Half-Life 2,"10,000,000 .. 20,000,000",10000000,20000000,15000000,239721,5906,0
976730,Halo: The Master Chief Collection,"5,000,000 .. 10,000,000",5000000,10000000,7500000,223635,18432,0
438100,VRChat,"20,000,000 .. 50,000,000",20000000,50000000,35000000,181623,58732,0
1144200,Ready or Not,"5,000,000 .. 10,000,000",5000000,10000000,7500000,210654,25542,0
238960,Path of Exile,"20,000,000 .. 50,000,000",20000000,50000000,35000000,209822,25269,0
526870,Satisfactory,"10,000,000 .. 20,000,000",10000000,20000000,15000000,225479,6585,0
22380,Fallout: New Vegas,"5,000,000 .. 10,000,000",5000000,10000000,7500000,218763,8937,0
1468810,鬼谷八荒 Tale of Immortal,"2,000,000 .. 5,000,000",2000000,5000000,3500000,121020,106084,0
1551360,Forza Horizon 5,"5,000,000 .. 10,000,000",5000000,10000000,7500000,199950,25679,0
2246340,Monster Hunter Wilds,"20,000,000 .. 50,000,000",20000000,50000000,35000000,127273,91142,0
1426210,It Takes Two,"5,000,000 .. 10,000,000",5000000,10000000,7500000,208042,10341,0
427520,Factorio,"5,000,000 .. 10,000,000",5000000,10000000,7500000,208770,6439,0
311210,Call of Duty: Black Ops III,"5,000,000 .. 10,000,000",5000000,10000000,7500000,181306,33720,0
700330,SCP: Secret Laboratory,"5,000,000 .. 10,000,000",5000000,10000000,7500000,195923,18386,0
477160,Human Fall Flat,"10,000,000 .. 20,000,000",10000000,20000000,15000000,202253,11387,0
698780,Doki Doki Literature Club!,"5,000,000 .. 10,000,000",5000000,10000000,7500000,203247,7470,0
393380,Squad,"2,000,000 .. 5,000,000",2000000,5000000,3500000,175088,35463,0
294100,RimWorld,"5,000,000 .. 10,000,000",5000000,10000000,7500000,206216,4301,0
379720,DOOM,"5,000,000 .. 10,000,000",5000000,10000000,7500000,198001,9278,0
782330,DOOM Eternal,"5,000,000 .. 10,000,000",5000000,10000000,7500000,187807,18219,0
8930,Sid Meier's Civilization V,"10,000,000 .. 20,000,000",10000000,20000000,15000000,195724,8541,0
3164500,Schedule I,"10,000,000 .. 20,000,000",10000000,20000000,15000000,200803,3238,0
433850,Z1 Battle Royale,"10,000,000 .. 20,000,000",10000000,20000000,15000000,113729,90284,0
1599340,Lost Ark,"50,000,000 .. 100,000,000",50000000,100000000,75000000,143481,58540,0
534380,Dying Light 2 Stay Human: Reloaded Edition,"5,000,000 .. 10,000,000",5000000,10000000,7500000,154122,40708,0
1238840,Battlefield 1,"5,000,000 .. 10,000,000",5000000,10000000,7500000,166775,26046,0
435150,Divinity: Original Sin 2 - Definitive Edition,"5,000,000 .. 10,000,000",5000000,10000000,7500000,182166,7958,0
268910,Cuphead,"5,000,000 .. 10,000,000",5000000,10000000,7500000,179894,6941,0
3241660,R.E.P.O.,"10,000,000 .. 20,000,000",10000000,20000000,15000000,179154,6488,0
281990,Stellaris,"2,000,000 .. 5,000,000",2000000,5000000,3500000,159527,25906,0
646570,Slay the Spire,"5,000,000 .. 10,000,000",5000000,10000000,7500000,178250,4027,0
240,Counter-Strike: Source,"10,000,000 .. 20,000,000",10000000,20000000,15000000,175426,6808,0
2050650,Resident Evil 4,"5,000,000 .. 10,000,000",5000000,10000000,7500000,177539,4169,0
400,Portal,"10,000,000 .. 20,000,000",10000000,20000000,15000000,175024,2717,0
518790,theHunter: Call of the Wild,"5,000,000 .. 10,000,000",5000000,10000000,7500000,157641,19969,0
1240440,Halo Infinite,"10,000,000 .. 20,000,000",10000000,20000000,15000000,123333,53708,0
270880,American Truck Simulator,"2,000,000 .. 5,000,000",2000000,5000000,3500000,169735,5552,0
901583,Grand Theft Auto IV: Complete Edition,"20,000,000 .. 50,000,000",20000000,50000000,35000000,144570,30702,0
12210,Grand Theft Auto IV: The Complete Edition,"5,000,000 .. 10,000,000",5000000,10000000,7500000,144493,30691,0
552520,Far Cry 5,"2,000,000 .. 5,000,000",2000000,5000000,3500000,140377,33100,0
883710,Resident Evil 2,"5,000,000 .. 10,000,000",5000000,10000000,7500000,167647,5210,0
812140,Assassin's Creed Odyssey,"5,000,000 .. 10,000,000",5000000,10000000,7500000,153091,19102,0
1222670,The Sims 4,"10,000,000 .. 20,000,000",10000000,20000000,15000000,149064,21663,0
1229490,ULTRAKILL,"5,000,000 .. 10,000,000",5000000,10000000,7500000,165867,3884,0
319630,Life is Strange - Episode 1,"5,000,000 .. 10,000,000",5000000,10000000,7500000,162769,6432,0
1222140,Detroit: Become Human,"2,000,000 .. 5,000,000",2000000,5000000,3500000,162047,7152,0
2694490,Path of Exile 2,"20,000,000 .. 50,000,000",20000000,50000000,35000000,118511,50510,0
588650,Dead Cells,"5,000,000 .. 10,000,000",5000000,10000000,7500000,163549,4915,0
48700,Mount & Blade: Warband,"5,000,000 .. 10,000,000",5000000,10000000,7500000,162632,3773,0
1716740,Starfield,"2,000,000 .. 5,000,000",2000000,5000000,3500000,93942,71585,0
211820,Starbound,"2,000,000 .. 5,000,000",2000000,5000000,3500000,152150,12756,0
2183900,"Warhammer 40,000: Space Marine 2","5,000,000 .. 10,000,000",5000000,10000000,7500000,134739,27846,0
813780,Age of Empires II: Definitive Edition,"2,000,000 .. 5,000,000",2000000,5000000,3500000,154061,8401,0
379430,Kingdom Come: Deliverance,"2,000,000 .. 5,000,000",2000000,5000000,3500000,136446,25760,0
1172380,STAR WARS Jedi: Fallen Order,"2,000,000 .. 5,000,000",2000000,5000000,3500000,140485,18094,0
1593500,God of War,"5,000,000 .. 10,000,000",5000000,10000000,7500000,151706,6311,0
1332010,Stray,"5,000,000 .. 10,000,000",5000000,10000000,7500000,152312,4295,0
306130,The Elder Scrolls Online,"5,000,000 .. 10,000,000",5000000,10000000,7500000,125497,28616,0
2379780,Balatro,"2,000,000 .. 5,000,000",2000000,5000000,3500000,150524,3042,0
1782210,Crab Game,"5,000,000 .. 10,000,000",5000000,10000000,7500000,139538,12895,0
1811260,EA SPORTS FIFA 23,"5,000,000 .. 10,000,000",5000000,10000000,7500000,86192,65227,0
244210,Assetto Corsa,"5,000,000 .. 10,000,000",5000000,10000000,7500000,140238,11153,0
304390,FOR HONOR,"5,000,000 .. 10,000,000",5000000,10000000,7500000,104468,45788,0
262060,Darkest Dungeon,"2,000,000 .. 5,000,000",2000000,5000000,3500000,137026,12430,0
397540,Borderlands 3,"2,000,000 .. 5,000,000",2000000,5000000,3500000,125248,23817,0
70,Half-Life,"10,000,000 .. 20,000,000",10000000,20000000,15000000,143086,5135,0
444200,World of Tanks Blitz,"10,000,000 .. 20,000,000",10000000,20000000,15000000,116407,31754,0
552990,World of Warships,"20,000,000 .. 50,000,000",20000000,50000000,35000000,112887,33665,0
601150,Devil May Cry 5,"5,000,000 .. 10,000,000",5000000,10000000,7500000,140260,5873,0
2881650,Content Warning,"5,000,000 .. 10,000,000",5000000,10000000,7500000,137483,7608,0
671860,BattleBit Remastered,"5,000,000 .. 10,000,000",5000000,10000000,7500000,120458,22666,0
227940,Heroes & Generals,"10,000,000 .. 20,000,000",10000000,20000000,15000000,96499,46264,0
8870,BioShock Infinite,"2,000,000 .. 5,000,000",2000000,5000000,3500000,131970,8712,0
524220,NieR:Automata,"2,000,000 .. 5,000,000",2000000,5000000,3500000,122027,18142,0
208650,Batman: Arkham Knight,"2,000,000 .. 5,000,000",2000000,5000000,3500000,124147,15901,0
3590,Plants vs. Zombies GOTY Edition,"2,000,000 .. 5,000,000",2000000,5000000,3500000,136574,3351,0
433340,Slime Rancher,"2,000,000 .. 5,000,000",2000000,5000000,3500000,135271,2826,0
686810,Hell Let Loose,"2,000,000 .. 5,000,000",2000000,5000000,3500000,113447,24230,0
1057090,Ori and the Will of the Wisps,"2,000,000 .. 5,000,000",2000000,5000000,3500000,131989,4701,0
391220,Rise of the Tomb Raider,"2,000,000 .. 5,000,000",2000000,5000000,3500000,128080,8100,0
508440,Totally Accurate Battle Simulator,"2,000,000 .. 5,000,000",2000000,5000000,3500000,132974,2969,0
236850,Europa Universalis IV,"5,000,000 .. 10,000,000",5000000,10000000,7500000,116432,18004,0
552500,Warhammer: Vermintide 2,"2,000,000 .. 5,000,000",2000000,5000000,3500000,113489,20234,0
1222680,Need for Speed Heat,"2,000,000 .. 5,000,000",2000000,5000000,3500000,111482,21373,0
244850,Space Engineers,"2,000,000 .. 5,000,000",2000000,5000000,3500000,117204,15143,0
1092790,Inscryption,"2,000,000 .. 5,000,000",2000000,5000000,3500000,127792,4098,0
1868140,DAVE THE DIVER,"5,000,000 .. 10,000,000",5000000,10000000,7500000,125422,3909,0
570940,DARK SOULS: REMASTERED,"2,000,000 .. 5,000,000",2000000,5000000,3500000,119152,10147,0
361420,ASTRONEER,"2,000,000 .. 5,000,000",2000000,5000000,3500000,118817,10139,0
457140,Oxygen Not Included,"2,000,000 .. 5,000,000",2000000,5000000,3500000,124220,4170,0
1677740,Stumble Guys,"5,000,000 .. 10,000,000",5000000,10000000,7500000,108841,19170,0
362890,Black Mesa,"2,000,000 .. 5,000,000",2000000,5000000,3500000,121562,6131,0
220200,Kerbal Space Program,"2,000,000 .. 5,000,000",2000000,5000000,3500000,121084,6078,0
581320,Insurgency: Sandstorm,"2,000,000 .. 5,000,000",2000000,5000000,3500000,107857,19061,0
1158310,Crusader Kings III,"2,000,000 .. 5,000,000",2000000,5000000,3500000,114259,12650,0
232090,Killing Floor 2,"2,000,000 .. 5,000,000",2000000,5000000,3500000,111325,15541,0
238320,Outlast,"2,000,000 .. 5,000,000",2000000,5000000,3500000,121220,4458,0
204360,Castle Crashers,"5,000,000 .. 10,000,000",5000000,10000000,7500000,120733,4865,0
1151640,Horizon Zero Dawn Complete Edition,"1,000,000 .. 2,000,000",1000000,2000000,1500000,110049,15148,0
1289310,Helltaker,"2,000,000 .. 5,000,000",2000000,5000000,3500000,122115,2803,0
222880,Insurgency,"2,000,000 .. 5,000,000",2000000,5000000,3500000,114570,10301,0
594570,Total War: WARHAMMER II,"5,000,000 .. 10,000,000",5000000,10000000,7500000,114776,9476,0
323190,Frostpunk,"2,000,000 .. 5,000,000",2000000,5000000,3500000,114315,9231,0
674940,Stick Fight: The Game,"2,000,000 .. 5,000,000",2000000,5000000,3500000,114720,7938,0
1151340,Fallout 76,"2,000,000 .. 5,000,000",2000000,5000000,3500000,89334,33215,0
225540,Just Cause 3,"5,000,000 .. 10,000,000",5000000,10000000,7500000,102532,19629,0
412020,Metro Exodus,"2,000,000 .. 5,000,000",2000000,5000000,3500000,108945,12370,0
1506830,FIFA 22,"2,000,000 .. 5,000,000",2000000,5000000,3500000,97293,23578,0
504230,Celeste,"2,000,000 .. 5,000,000",2000000,5000000,3500000,117545,3057,0
1142710,Total War: WARHAMMER III,"2,000,000 .. 5,000,000",2000000,5000000,3500000,87141,32717,0
386360,SMITE,"10,000,000 .. 20,000,000",10000000,20000000,15000000,94368,25428,0
1604030,V Rising,"5,000,000 .. 10,000,000",5000000,10000000,7500000,106197,13243,0
774171,Muse Dash,"2,000,000 .. 5,000,000",2000000,5000000,3500000,107491,11938,0
1196590,Resident Evil Village,"2,000,000 .. 5,000,000",2000000,5000000,3500000,114131,5219,0
1818750,MultiVersus,"5,000,000 .. 10,000,000",5000000,10000000,7500000,90318,27894,0
301520,Robocraft,"5,000,000 .. 10,000,000",5000000,10000000,7500000,86240,31815,0
1832640,Mirror 2: Project X,"2,000,000 .. 5,000,000",2000000,5000000,3500000,28726,87986,0
335300,DARK SOULS II: Scholar of the First Sin,"2,000,000 .. 5,000,000",2000000,5000000,3500000,98052,18658,0
223470,POSTAL 2,"5,000,000 .. 10,000,000",5000000,10000000,7500000,112414,3644,0
220240,Far Cry 3,"2,000,000 .. 5,000,000",2000000,5000000,3500000,101914,12105,0
582160,Assassin's Creed Origins,"1,000,000 .. 2,000,000",1000000,2000000,1500000,97301,16195,0
1643320,S.T.A.L.K.E.R. 2: Heart of Chornobyl,"2,000,000 .. 5,000,000",2000000,5000000,3500000,91274,22072,0
387990,Scrap Mechanic,"2,000,000 .. 5,000,000",2000000,5000000,3500000,104512,8771,0
1361210,"Warhammer 40,000: Darktide","2,000,000 .. 5,000,000",2000000,5000000,3500000,80268,32692,0
1446780,MONSTER HUNTER RISE,"5,000,000 .. 10,000,000",5000000,10000000,7500000,92564,20108,0
305620,The Long Dark,"2,000,000 .. 5,000,000",2000000,5000000,3500000,101846,10729,0
1817070,Marvel’s Spider-Man Remastered,"2,000,000 .. 5,000,000",2000000,5000000,3500000,107786,4606,0
629760,MORDHAU,"2,000,000 .. 5,000,000",2000000,5000000,3500000,90102,22098,0
513710,SCUM,"5,000,000 .. 10,000,000",5000000,10000000,7500000,83704,28411,0
677620,Splitgate: Arena Warfare,"5,000,000 .. 10,000,000",5000000,10000000,7500000,102336,9404,0
632470,Disco Elysium - The Final Cut,"2,000,000 .. 5,000,000",2000000,5000000,3500000,104010,7702,0
2527500,MiSide,"1,000,000 .. 2,000,000",1000000,2000000,1500000,108883,2204,0
1903340,Clair Obscur: Expedition 33,"2,000,000 .. 5,000,000",2000000,5000000,3500000,106216,4816,0
286690,Metro 2033 Redux,"5,000,000 .. 10,000,000",5000000,10000000,7500000,101543,9424,0
899770,Last Epoch,"20,000,000 .. 50,000,000",20000000,50000000,35000000,88027,22596,0
424840,Little Nightmares,"5,000,000 .. 10,000,000",5000000,10000000,7500000,104472,5724,0
231430,Company of Heroes 2,"5,000,000 .. 10,000,000",5000000,10000000,7500000,86713,23112,0
219740,Don't Starve,"2,000,000 .. 5,000,000",2000000,5000000,3500000,106118,3698,0
2195250,EA SPORTS FC 24,"5,000,000 .. 10,000,000",5000000,10000000,7500000,63281,46293,0
1167630,Teardown,"2,000,000 .. 5,000,000",2000000,5000000,3500000,104653,4809,0
440900,Conan Exiles Enhanced,"5,000,000 .. 10,000,000",5000000,10000000,7500000,84575,22890,0
356190,Middle-earth: Shadow of War,"2,000,000 .. 5,000,000",2000000,5000000,3500000,95053,12165,0
2054970,Dragon's Dogma 2,"2,000,000 .. 5,000,000",2000000,5000000,3500000,65154,41785,0
219150,Hotline Miami,"2,000,000 .. 5,000,000",2000000,5000000,3500000,103599,3058,0
976310,Mortal Kombat 11,"2,000,000 .. 5,000,000",2000000,5000000,3500000,93635,12646,0
779340,Total War: THREE KINGDOMS,"5,000,000 .. 10,000,000",5000000,10000000,7500000,74951,28794,0
1313140,Cult of the Lamb,"2,000,000 .. 5,000,000",2000000,5000000,3500000,98711,4517,0
1687950,Persona 5 Royal,"2,000,000 .. 5,000,000",2000000,5000000,3500000,99657,3487,0
1259420,Days Gone,"2,000,000 .. 5,000,000",2000000,5000000,3500000,95697,7446,0
1943950,Escape the Backrooms,"2,000,000 .. 5,000,000",2000000,5000000,3500000,93330,9199,0
1771300,Kingdom Come: Deliverance II,"2,000,000 .. 5,000,000",2000000,5000000,3500000,96279,6058,0
282070,This War of Mine,"2,000,000 .. 5,000,000",2000000,5000000,3500000,94484,7256,0
268500,XCOM 2,"5,000,000 .. 10,000,000",5000000,10000000,7500000,86187,15514,0
221380,Age of Empires II (Retired),"5,000,000 .. 10,000,000",5000000,10000000,7500000,97083,4268,0
359320,Elite Dangerous,"2,000,000 .. 5,000,000",2000000,5000000,3500000,77388,22636,0
287700,METAL GEAR SOLID V: THE PHANTOM PAIN,"2,000,000 .. 5,000,000",2000000,5000000,3500000,91675,8247,0
755790,Ring of Elysium,"10,000,000 .. 20,000,000",10000000,20000000,15000000,74345,25492,0
219990,Grim Dawn,"10,000,000 .. 20,000,000",10000000,20000000,15000000,93489,6241,0
1217060,Gunfire Reborn,"2,000,000 .. 5,000,000",2000000,5000000,3500000,92655,6517,0
1721470,Poppy Playtime,"5,000,000 .. 10,000,000",5000000,10000000,7500000,84113,14801,0
233860,Kenshi,"2,000,000 .. 5,000,000",2000000,5000000,3500000,93712,4423,0
418370,Resident Evil 7 Biohazard,"2,000,000 .. 5,000,000",2000000,5000000,3500000,93214,4632,0
1942280,Brotato,"2,000,000 .. 5,000,000",2000000,5000000,3500000,94525,3276,0
546560,Half-Life: Alyx,"2,000,000 .. 5,000,000",2000000,5000000,3500000,95555,1674,0
848450,Subnautica: Below Zero,"2,000,000 .. 5,000,000",2000000,5000000,3500000,87607,9053,0
460930,Tom Clancy's Ghost Recon Wildlands,"2,000,000 .. 5,000,000",2000000,5000000,3500000,77138,19439,0
2835570,Buckshot Roulette,"2,000,000 .. 5,000,000",2000000,5000000,3500000,91745,3796,0
613100,House Flipper,"2,000,000 .. 5,000,000",2000000,5000000,3500000,89596,5548,0
646910,The Crew 2,"2,000,000 .. 5,000,000",2000000,5000000,3500000,72724,21141,0
365590,Tom Clancy’s The Division,"5,000,000 .. 10,000,000",5000000,10000000,7500000,65652,27546,0
466240,Deceit,"5,000,000 .. 10,000,000",5000000,10000000,7500000,73606,19421,0
389730,TEKKEN 7,"2,000,000 .. 5,000,000",2000000,5000000,3500000,77227,15580,0
304050,Trove,"10,000,000 .. 20,000,000",10000000,20000000,15000000,74103,18267,0
1665460,eFootball,"10,000,000 .. 20,000,000",10000000,20000000,15000000,44067,48266,0
1030840,Mafia: Definitive Edition,"1,000,000 .. 2,000,000",1000000,2000000,1500000,79686,12107,0
952060,Resident Evil 3,"2,000,000 .. 5,000,000",2000000,5000000,3500000,74536,16699,0
1046930,Dota Underlords,"5,000,000 .. 10,000,000",5000000,10000000,7500000,74753,16141,0
241930,Middle-earth: Shadow of Mordor,"5,000,000 .. 10,000,000",5000000,10000000,7500000,83849,6866,0
383870,Firewatch,"2,000,000 .. 5,000,000",2000000,5000000,3500000,81777,8661,0
349040,NARUTO SHIPPUDEN: Ultimate Ninja STORM 4,"2,000,000 .. 5,000,000",2000000,5000000,3500000,80515,7987,0
629520,Soundpad,"2,000,000 .. 5,000,000",2000000,5000000,3500000,84918,3466,0
214950,Total War: ROME II - Emperor Edition,"2,000,000 .. 5,000,000",2000000,5000000,3500000,73559,14614,0
703080,Planet Zoo,"2,000,000 .. 5,000,000",2000000,5000000,3500000,80029,7820,0
20920,The Witcher 2: Assassins of Kings Enhanced Edition,"2,000,000 .. 5,000,000",2000000,5000000,3500000,77950,9114,0
823130,Totally Accurate Battlegrounds,"2,000,000 .. 5,000,000",2000000,5000000,3500000,76919,10093,0
582660,Black Desert,"5,000,000 .. 10,000,000",5000000,10000000,7500000,64416,22503,0
311690,Enter the Gungeon,"2,000,000 .. 5,000,000",2000000,5000000,3500000,81669,3893,0
1366540,Dyson Sphere Program,"2,000,000 .. 5,000,000",2000000,5000000,3500000,83095,1993,0
962130,Grounded,"2,000,000 .. 5,000,000",2000000,5000000,3500000,75482,9035,0
1248130,Farming Simulator 22,"2,000,000 .. 5,000,000",2000000,5000000,3500000,78110,6402,0
753640,Outer Wilds,"1,000,000 .. 2,000,000",1000000,2000000,1500000,80833,3655,0
683320,GRIS,"2,000,000 .. 5,000,000",2000000,5000000,3500000,80404,3044,0
635260,CarX Drift Racing Online,"2,000,000 .. 5,000,000",2000000,5000000,3500000,79504,3912,0
235460,METAL GEAR RISING: REVENGEANCE,"2,000,000 .. 5,000,000",2000000,5000000,3500000,79993,3300,0
761890,Albion Online,"2,000,000 .. 5,000,000",2000000,5000000,3500000,65583,17491,0
644560,Mirror,"2,000,000 .. 5,000,000",2000000,5000000,3500000,80419,2554,0
20900,The Witcher: Enhanced Edition Director's Cut,"2,000,000 .. 5,000,000",2000000,5000000,3500000,73569,9135,0
234140,Mad Max,"2,000,000 .. 5,000,000",2000000,5000000,3500000,76230,6430,0
12120,Grand Theft Auto: San Andreas,"2,000,000 .. 5,000,000",2000000,5000000,3500000,76056,6573,0
1274570,DEVOUR,"2,000,000 .. 5,000,000",2000000,5000000,3500000,75057,7457,0
1222700,A Way Out,"2,000,000 .. 5,000,000",2000000,5000000,3500000,72313,10149,0
254700,Resident Evil 4 (2005),"2,000,000 .. 5,000,000",2000000,5000000,3500000,77003,5431,0
447040,Watch_Dogs 2,"2,000,000 .. 5,000,000",2000000,5000000,3500000,68213,14166,0
205100,Dishonored,"2,000,000 .. 5,000,000",2000000,5000000,3500000,80427,1943,0
291480,Warface: Clutch,"20,000,000 .. 50,000,000",20000000,50000000,35000000,54554,27643,0
550650,Black Squad,"10,000,000 .. 20,000,000",10000000,20000000,15000000,62042,19672,0
2001120,Split Fiction,"2,000,000 .. 5,000,000",2000000,5000000,3500000,79546,2012,0
1466860,Age of Empires IV: Anniversary Edition,"2,000,000 .. 5,000,000",2000000,5000000,3500000,69559,11311,0
815370,Green Hell,"2,000,000 .. 5,000,000",2000000,5000000,3500000,69304,11300,0
206440,To the Moon,"2,000,000 .. 5,000,000",2000000,5000000,3500000,77246,3015,0
1150690,OMORI,"1,000,000 .. 2,000,000",1000000,2000000,1500000,78023,2214,0
39210,FINAL FANTASY XIV Online,"2,000,000 .. 5,000,000",2000000,5000000,3500000,70254,9782,0
1454400,Cookie Clicker,"2,000,000 .. 5,000,000",2000000,5000000,3500000,77218,2674,0
750920,Shadow of the Tomb Raider: Definitive Edition,"2,000,000 .. 5,000,000",2000000,5000000,3500000,66684,12759,0
881100,Noita,"2,000,000 .. 5,000,000",2000000,5000000,3500000,74759,3718,0
1113000,Persona 4 Golden,"1,000,000 .. 2,000,000",1000000,2000000,1500000,76008,2338,0
1203620,Enshrouded,"2,000,000 .. 5,000,000",2000000,5000000,3500000,67486,10594,0
438740,Friday the 13th: The Game,"2,000,000 .. 5,000,000",2000000,5000000,3500000,62069,15444,0
206420,Saints Row IV: Re-Elected,"5,000,000 .. 10,000,000",5000000,10000000,7500000,67768,9376,0
1888160,ARMORED CORE VI FIRES OF RUBICON,"2,000,000 .. 5,000,000",2000000,5000000,3500000,70425,6617,0
240720,Getting Over It with Bennett Foddy,"2,000,000 .. 5,000,000",2000000,5000000,3500000,63479,13524,0
397900,Business Tour - Board Game with Online Multiplayer,"5,000,000 .. 10,000,000",5000000,10000000,7500000,46567,30205,0
2399830,ARK: Survival Ascended,"2,000,000 .. 5,000,000",2000000,5000000,3500000,44880,31115,0
602960,Barotrauma,"2,000,000 .. 5,000,000",2000000,5000000,3500000,70694,4640,0
212680,FTL: Faster Than Light,"2,000,000 .. 5,000,000",2000000,5000000,3500000,71561,3491,0
863550,HITMAN 2,"5,000,000 .. 10,000,000",5000000,10000000,7500000,68165,6778,0
2669320,EA SPORTS FC 25,"5,000,000 .. 10,000,000",5000000,10000000,7500000,37253,37543,0
787860,Farming Simulator 19,"2,000,000 .. 5,000,000",2000000,5000000,3500000,70448,4172,0
620980,Beat Saber,"2,000,000 .. 5,000,000",2000000,5000000,3500000,71341,3271,0
588430,Fallout Shelter,"2,000,000 .. 5,000,000",2000000,5000000,3500000,65847,8601,0
223710,Cry of Fear,"5,000,000 .. 10,000,000",5000000,10000000,7500000,65852,8556,0
289650,Assassin's Creed Unity,"2,000,000 .. 5,000,000",2000000,5000000,3500000,58065,16229,0
224260,No More Room in Hell,"5,000,000 .. 10,000,000",5000000,10000000,7500000,66753,7500,0
239030,"Papers, Please","2,000,000 .. 5,000,000",2000000,5000000,3500000,72168,2019,0
203770,Crusader Kings II,"2,000,000 .. 5,000,000",2000000,5000000,3500000,66359,7450,0
218230,PlanetSide 2,"5,000,000 .. 10,000,000",5000000,10000000,7500000,59598,14096,0
35140,Batman: Arkham Asylum Game of the Year Edition,"2,000,000 .. 5,000,000",2000000,5000000,3500000,70940,2711,0
207610,The Walking Dead,"2,000,000 .. 5,000,000",2000000,5000000,3500000,71633,1995,0
636480,Ravenfield,"1,000,000 .. 2,000,000",1000000,2000000,1500000,71341,2264,0
949230,Cities: Skylines II,"2,000,000 .. 5,000,000",2000000,5000000,3500000,38697,34827,0
766570,Russian Fishing 4,"5,000,000 .. 10,000,000",5000000,10000000,7500000,39598,33887,0
638970,Yakuza 0,"1,000,000 .. 2,000,000",1000000,2000000,1500000,70292,3189,0
414340,Hellblade: Senua's Sacrifice,"2,000,000 .. 5,000,000",2000000,5000000,3500000,66212,7260,0
977950,A Dance of Fire and Ice,"2,000,000 .. 5,000,000",2000000,5000000,3500000,69052,4419,0
678950,DRAGON BALL FighterZ,"2,000,000 .. 5,000,000",2000000,5000000,3500000,65978,6998,0
365670,Blender,"5,000,000 .. 10,000,000",5000000,10000000,7500000,70186,2695,0
728880,Overcooked! 2,"2,000,000 .. 5,000,000",2000000,5000000,3500000,65992,6809,0
233450,Prison Architect,"5,000,000 .. 10,000,000",5000000,10000000,7500000,64439,7891,0
1363080,Manor Lords,"2,000,000 .. 5,000,000",2000000,5000000,3500000,62224,9896,0
238460,BattleBlock Theater,"2,000,000 .. 5,000,000",2000000,5000000,3500000,69617,1997,0
471710,Rec Room,"2,000,000 .. 5,000,000",2000000,5000000,3500000,63756,7467,0
1237950,STAR WARS Battlefront II,"2,000,000 .. 5,000,000",2000000,5000000,3500000,62342,8866,0
1533390,Gorilla Tag,"1,000,000 .. 2,000,000",1000000,2000000,1500000,64966,6197,0
1238860,Battlefield 4,"1,000,000 .. 2,000,000",1000000,2000000,1500000,60650,10498,0
242050,Assassin’s Creed IV Black Flag,"5,000,000 .. 10,000,000",5000000,10000000,7500000,62942,8129,0
460950,Katana ZERO,"2,000,000 .. 5,000,000",2000000,5000000,3500000,69672,1397,0
286160,Tabletop Simulator,"2,000,000 .. 5,000,000",2000000,5000000,3500000,66735,3925,0
493340,Planet Coaster,"2,000,000 .. 5,000,000",2000000,5000000,3500000,64131,6147,0
287390,Metro: Last Light Redux,"2,000,000 .. 5,000,000",2000000,5000000,3500000,63534,6562,0
307690,Sleeping Dogs: Definitive Edition,"2,000,000 .. 5,000,000",2000000,5000000,3500000,64644,4385,0
200260,Batman: Arkham City - Game of the Year Edition,"2,000,000 .. 5,000,000",2000000,5000000,3500000,65947,2689,0
55230,Saints Row: The Third,"2,000,000 .. 5,000,000",2000000,5000000,3500000,65644,2956,0
265930,Goat Simulator,"2,000,000 .. 5,000,000",2000000,5000000,3500000,62249,6331,0
924970,Back 4 Blood,"1,000,000 .. 2,000,000",1000000,2000000,1500000,46833,21608,0
2670630,Supermarket Simulator,"2,000,000 .. 5,000,000",2000000,5000000,3500000,64104,4237,0
213670,South Park: The Stick of Truth,"2,000,000 .. 5,000,000",2000000,5000000,3500000,66636,1669,0
304430,INSIDE,"2,000,000 .. 5,000,000",2000000,5000000,3500000,65954,2092,0
1286830,STAR WARS: The Old Republic,"5,000,000 .. 10,000,000",5000000,10000000,7500000,60864,7088,0
424370,Wolcen: Lords of Mayhem,"1,000,000 .. 2,000,000",1000000,2000000,1500000,37846,29831,0
1250,Killing Floor,"2,000,000 .. 5,000,000",2000000,5000000,3500000,64024,3448,0
2709570,Supermarket Together,"2,000,000 .. 5,000,000",2000000,5000000,3500000,63994,3441,0
431240,Golf With Your Friends,"2,000,000 .. 5,000,000",2000000,5000000,3500000,59105,7975,0
1774580,STAR WARS Jedi: Survivor,"1,000,000 .. 2,000,000",1000000,2000000,1500000,46131,20923,0
387290,Ori and the Blind Forest: Definitive Edition,"2,000,000 .. 5,000,000",2000000,5000000,3500000,63788,3191,0
1304930,The Outlast Trials,"2,000,000 .. 5,000,000",2000000,5000000,3500000,62533,4423,0
1404210,Red Dead Online,"2,000,000 .. 5,000,000",2000000,5000000,3500000,55526,11255,0
2231450,Pizza Tower,"1,000,000 .. 2,000,000",1000000,2000000,1500000,65599,1094,0
274170,Hotline Miami 2: Wrong Number,"2,000,000 .. 5,000,000",2000000,5000000,3500000,62741,3893,0
17390,SPORE,"2,000,000 .. 5,000,000",2000000,5000000,3500000,61124,4996,0
3146520,WEBFISHING,"1,000,000 .. 2,000,000",1000000,2000000,1500000,64473,1337,0
380600,Fishing Planet,"5,000,000 .. 10,000,000",5000000,10000000,7500000,57004,8695,0
2622380,ELDEN RING NIGHTREIGN,"2,000,000 .. 5,000,000",2000000,5000000,3500000,48901,16771,0
1250410,Microsoft Flight Simulator (2020) 40th Anniversary Edition,"2,000,000 .. 5,000,000",2000000,5000000,3500000,51794,13872,0
219640,Chivalry: Medieval Warfare,"5,000,000 .. 10,000,000",5000000,10000000,7500000,54016,11428,0
1790600,DRAGON BALL: Sparking! ZERO,"2,000,000 .. 5,000,000",2000000,5000000,3500000,58221,6959,0
2215430,Ghost of Tsushima DIRECTOR'S CUT,"2,000,000 .. 5,000,000",2000000,5000000,3500000,61086,4029,0
1049590,Eternal Return,"5,000,000 .. 10,000,000",5000000,10000000,7500000,51694,13352,0
747660,Five Nights at Freddy's: Security Breach,"1,000,000 .. 2,000,000",1000000,2000000,1500000,56080,8779,0
466560,Northgard: Definitive Edition,"2,000,000 .. 5,000,000",2000000,5000000,3500000,55844,8851,0
201270,Total War: SHOGUN 2,"2,000,000 .. 5,000,000",2000000,5000000,3500000,58839,5437,0
386180,Crossout,"5,000,000 .. 10,000,000",5000000,10000000,7500000,48219,15920,0
1145350,Hades II,"2,000,000 .. 5,000,000",2000000,5000000,3500000,60844,3288,0
1260320,Party Animals,"2,000,000 .. 5,000,000",2000000,5000000,3500000,50198,13834,0
1139900,Ghostrunner,"2,000,000 .. 5,000,000",2000000,5000000,3500000,57713,5436,0
752590,A Plague Tale: Innocence,"1,000,000 .. 2,000,000",1000000,2000000,1500000,58909,4133,0
403640,Dishonored 2,"2,000,000 .. 5,000,000",2000000,5000000,3500000,56155,6627,0
495420,State of Decay 2: Juggernaut Edition,"2,000,000 .. 5,000,000",2000000,5000000,3500000,52001,10715,0
493520,GTFO,"2,000,000 .. 5,000,000",2000000,5000000,3500000,52357,9740,0
500,Left 4 Dead,"5,000,000 .. 10,000,000",5000000,10000000,7500000,59622,2272,0
363970,Clicker Heroes,"5,000,000 .. 10,000,000",5000000,10000000,7500000,54989,6315,0
298110,Far Cry 4,"2,000,000 .. 5,000,000",2000000,5000000,3500000,51618,9649,0
1778820,TEKKEN 8,"1,000,000 .. 2,000,000",1000000,2000000,1500000,33020,28048,0
214490,Alien: Isolation,"2,000,000 .. 5,000,000",2000000,5000000,3500000,56716,4115,0
1089350,NBA 2K20,"5,000,000 .. 10,000,000",5000000,10000000,7500000,30260,30413,0
838350,The Scroll of Taiwu : Beyond The Dome,"2,000,000 .. 5,000,000",2000000,5000000,3500000,42350,18287,0
680420,OUTRIDERS,"2,000,000 .. 5,000,000",2000000,5000000,3500000,40267,20201,0
113200,The Binding of Isaac,"1,000,000 .. 2,000,000",1000000,2000000,1500000,57299,3080,0
1282100,REMNANT II,"1,000,000 .. 2,000,000",1000000,2000000,1500000,50249,10114,0
285900,Gang Beasts,"2,000,000 .. 5,000,000",2000000,5000000,3500000,51267,9003,0
1384160,GUILTY GEAR -STRIVE-,"1,000,000 .. 2,000,000",1000000,2000000,1500000,52377,7005,0
504370,Battlerite,"2,000,000 .. 5,000,000",2000000,5000000,3500000,50196,9152,0
2479810,Gray Zone Warfare,"2,000,000 .. 5,000,000",2000000,5000000,3500000,40235,19083,0
346900,AdVenture Capitalist,"5,000,000 .. 10,000,000",5000000,10000000,7500000,51968,7198,0
312660,Sniper Elite 4,"2,000,000 .. 5,000,000",2000000,5000000,3500000,53923,5232,0
274190,Broforce,"2,000,000 .. 5,000,000",2000000,5000000,3500000,57080,1800,0
1272080,PAYDAY 3,"2,000,000 .. 5,000,000",2000000,5000000,3500000,25497,33195,0
871720,Ultimate Custom Night,"2,000,000 .. 5,000,000",2000000,5000000,3500000,55394,2879,0
409710,BioShock Remastered,"2,000,000 .. 5,000,000",2000000,5000000,3500000,47962,10301,0
10180,Call of Duty: Modern Warfare 2 (2009),"5,000,000 .. 10,000,000",5000000,10000000,7500000,54145,3973,0
418460,Rising Storm 2: Vietnam,"2,000,000 .. 5,000,000",2000000,5000000,3500000,49952,7611,0
629730,Blade and Sorcery,"1,000,000 .. 2,000,000",1000000,2000000,1500000,55566,1919,0
261570,Ori and the Blind Forest,"2,000,000 .. 5,000,000",2000000,5000000,3500000,54150,3262,0
678960,CODE VEIN,"2,000,000 .. 5,000,000",2000000,5000000,3500000,48327,8991,0
48000,LIMBO,"2,000,000 .. 5,000,000",2000000,5000000,3500000,53043,4241,0
209000,Batman: Arkham Origins,"2,000,000 .. 5,000,000",2000000,5000000,3500000,51192,6071,0
333930,Dirty Bomb,"5,000,000 .. 10,000,000",5000000,10000000,7500000,46464,10703,0
760160,Vampire: The Masquerade - Bloodhunt,"2,000,000 .. 5,000,000",2000000,5000000,3500000,43433,13651,0
204100,Max Payne 3,"2,000,000 .. 5,000,000",2000000,5000000,3500000,49420,7656,0
813820,Realm Royale,"5,000,000 .. 10,000,000",5000000,10000000,7500000,43223,13520,0
1364780,Street Fighter 6,"2,000,000 .. 5,000,000",2000000,5000000,3500000,48252,8414,0
360430,Mafia III: Definitive Edition,"1,000,000 .. 2,000,000",1000000,2000000,1500000,32366,24142,0
201810,Wolfenstein: The New Order,"2,000,000 .. 5,000,000",2000000,5000000,3500000,51691,4778,0
200510,XCOM: Enemy Unknown,"2,000,000 .. 5,000,000",2000000,5000000,3500000,52717,3697,0
1328670,Mass Effect Legendary Edition,"1,000,000 .. 2,000,000",1000000,2000000,1500000,51295,5033,0
1313860,EA SPORTS FIFA 21,"1,000,000 .. 2,000,000",1000000,2000000,1500000,42906,13377,0
307780,Mortal Kombat X,"2,000,000 .. 5,000,000",2000000,5000000,3500000,48077,8175,0
633230,NARUTO TO BORUTO: SHINOBI STRIKER,"2,000,000 .. 5,000,000",2000000,5000000,3500000,47138,8892,0
3240220,Grand Theft Auto V Enhanced,"5,000,000 .. 10,000,000",5000000,10000000,7500000,38595,17286,0
203140,Hitman: Absolution,"2,000,000 .. 5,000,000",2000000,5000000,3500000,51769,3932,0
246620,Plague Inc: Evolved,"1,000,000 .. 2,000,000",1000000,2000000,1500000,52571,3093,0
414700,Outlast 2,"1,000,000 .. 2,000,000",1000000,2000000,1500000,50676,4824,0
50130,Mafia II (Classic),"2,000,000 .. 5,000,000",2000000,5000000,3500000,51876,3121,0
1621690,Core Keeper,"1,000,000 .. 2,000,000",1000000,2000000,1500000,51042,3937,0
50300,Spec Ops: The Line,"2,000,000 .. 5,000,000",2000000,5000000,3500000,51267,3642,0
1147560,Skul: The Hero Slayer,"1,000,000 .. 2,000,000",1000000,2000000,1500000,51218,3683,0
221040,Resident Evil 6,"2,000,000 .. 5,000,000",2000000,5000000,3500000,42993,11727,0
851850,DRAGON BALL Z: KAKAROT,"1,000,000 .. 2,000,000",1000000,2000000,1500000,50976,3704,0
33230,Assassin's Creed 2,"2,000,000 .. 5,000,000",2000000,5000000,3500000,48815,5831,0
674020,World War 3,"2,000,000 .. 5,000,000",2000000,5000000,3500000,29495,25034,0
1284190,The Planet Crafter,"1,000,000 .. 2,000,000",1000000,2000000,1500000,52168,2148,0
648350,Jurassic World Evolution,"2,000,000 .. 5,000,000",2000000,5000000,3500000,47081,6875,0
880940,Pummel Party,"2,000,000 .. 5,000,000",2000000,5000000,3500000,47800,6014,0
637650,FINAL FANTASY XV WINDOWS EDITION,"2,000,000 .. 5,000,000",2000000,5000000,3500000,44632,9056,0
6060,"STAR WARS Battlefront II (Classic, 2005)","2,000,000 .. 5,000,000",2000000,5000000,3500000,50396,2891,0
2567870,Chained Together,"2,000,000 .. 5,000,000",2000000,5000000,3500000,48180,4958,0
454650,DRAGON BALL XENOVERSE 2,"1,000,000 .. 2,000,000",1000000,2000000,1500000,47781,5102,0
617290,Remnant: From the Ashes,"2,000,000 .. 5,000,000",2000000,5000000,3500000,44761,8081,0
529340,Victoria 3,"1,000,000 .. 2,000,000",1000000,2000000,1500000,35043,17575,0
2623190,The Elder Scrolls IV: Oblivion Remastered,"2,000,000 .. 5,000,000",2000000,5000000,3500000,42316,10242,0
364360,Total War: WARHAMMER,"1,000,000 .. 2,000,000",1000000,2000000,1500000,40889,11533,0
1290000,PowerWash Simulator,"1,000,000 .. 2,000,000",1000000,2000000,1500000,50767,1643,0
319510,Five Nights at Freddy's,"2,000,000 .. 5,000,000",2000000,5000000,3500000,48831,3406,0
621060,PC Building Simulator,"1,000,000 .. 2,000,000",1000000,2000000,1500000,48356,3299,0
645630,Car Mechanic Simulator 2018,"2,000,000 .. 5,000,000",2000000,5000000,3500000,47065,4456,0
470220,UNO,"2,000,000 .. 5,000,000",2000000,5000000,3500000,37173,14345,0
774361,Blasphemous,"1,000,000 .. 2,000,000",1000000,2000000,1500000,46393,5091,0
8190,Just Cause 2,"2,000,000 .. 5,000,000",2000000,5000000,3500000,46001,4738,0
1089980,The Henry Stickmin Collection,"1,000,000 .. 2,000,000",1000000,2000000,1500000,50017,681,0
22330,The Elder Scrolls IV: Oblivion Game of the Year Edition (2009),"2,000,000 .. 5,000,000",2000000,5000000,3500000,48307,2354,0
900883,The Elder Scrolls IV: Oblivion Game of the Year Edition Deluxe (2009),"2,000,000 .. 5,000,000",2000000,5000000,3500000,48307,2354,0
22370,Fallout 3: Game of the Year Edition,"2,000,000 .. 5,000,000",2000000,5000000,3500000,41078,9515,0
10090,Call of Duty: World at War,"2,000,000 .. 5,000,000",2000000,5000000,3500000,46665,3884,0
1371980,No Rest for the Wicked,"2,000,000 .. 5,000,000",2000000,5000000,3500000,39563,10970,0
870780,CONTROL Ultimate Edition,"1,000,000 .. 2,000,000",1000000,2000000,1500000,44045,6403,0
2344520,Diablo IV,"1,000,000 .. 2,000,000",1000000,2000000,1500000,32969,17333,0
552100,Brick Rigs,"1,000,000 .. 2,000,000",1000000,2000000,1500000,47391,2731,0
346010,Besiege,"1,000,000 .. 2,000,000",1000000,2000000,1500000,47491,2263,0
108710,Alan Wake,"2,000,000 .. 5,000,000",2000000,5000000,3500000,44449,4714,0
21690,Resident Evil 5,"1,000,000 .. 2,000,000",1000000,2000000,1500000,42807,6310,0
644930,They Are Billions,"2,000,000 .. 5,000,000",2000000,5000000,3500000,41508,7257,0
3097560,Liar's Bar,"2,000,000 .. 5,000,000",2000000,5000000,3500000,44341,4209,0
273350,Evolve Stage 2,"5,000,000 .. 10,000,000",5000000,10000000,7500000,33844,14518,0
933110,Age of Empires III: Definitive Edition,"1,000,000 .. 2,000,000",1000000,2000000,1500000,40941,7401,0
386940,Ultimate Chicken Horse,"1,000,000 .. 2,000,000",1000000,2000000,1500000,46319,1981,0
502500,ACE COMBAT 7: SKIES UNKNOWN,"2,000,000 .. 5,000,000",2000000,5000000,3500000,42202,5990,0
881020,Granblue Fantasy: Relink,"2,000,000 .. 5,000,000",2000000,5000000,3500000,43116,4883,0
1017180,The Long Drive,"1,000,000 .. 2,000,000",1000000,2000000,1500000,42761,4666,0
4500,S.T.A.L.K.E.R.: Shadow of Chernobyl,"1,000,000 .. 2,000,000",1000000,2000000,1500000,44761,2530,0
202970,Call of Duty: Black Ops II,"2,000,000 .. 5,000,000",2000000,5000000,3500000,40563,6454,0
1824220,Chivalry 2,"2,000,000 .. 5,000,000",2000000,5000000,3500000,37673,9288,0
367500,Dragon's Dogma: Dark Arisen,"2,000,000 .. 5,000,000",2000000,5000000,3500000,41310,5376,0
972660,Spiritfarer: Farewell Edition,"1,000,000 .. 2,000,000",1000000,2000000,1500000,44192,2225,0
603850,Age of History II,"1,000,000 .. 2,000,000",1000000,2000000,1500000,41684,4711,0
1659040,HITMAN World of Assassination,"2,000,000 .. 5,000,000",2000000,5000000,3500000,39449,6333,0
243470,Watch_Dogs,"1,000,000 .. 2,000,000",1000000,2000000,1500000,35770,9953,0
868270,The Cycle: Frontier,"5,000,000 .. 10,000,000",5000000,10000000,7500000,28893,16529,0
2322560,Love Is All Around,"1,000,000 .. 2,000,000",1000000,2000000,1500000,42490,2924,0
282140,SOMA,"2,000,000 .. 5,000,000",2000000,5000000,3500000,43530,1835,0
1129580,Medieval Dynasty,"1,000,000 .. 2,000,000",1000000,2000000,1500000,40992,4174,0
920210,LEGO Star Wars: The Skywalker Saga,"1,000,000 .. 2,000,000",1000000,2000000,1500000,40865,4173,0
1987080,Inside the Backrooms,"1,000,000 .. 2,000,000",1000000,2000000,1500000,36836,8196,0
221910,The Stanley Parable,"2,000,000 .. 5,000,000",2000000,5000000,3500000,41582,3400,0
690790,DiRT Rally 2.0,"1,000,000 .. 2,000,000",1000000,2000000,1500000,39383,5212,0
612880,Wolfenstein II: The New Colossus,"1,000,000 .. 2,000,000",1000000,2000000,1500000,36084,8413,0
200710,Torchlight II,"2,000,000 .. 5,000,000",2000000,5000000,3500000,41131,3210,0
1562430,DREDGE,"1,000,000 .. 2,000,000",1000000,2000000,1500000,42127,1839,0
568220,Lobotomy Corporation | Monster Management Simulation,"1,000,000 .. 2,000,000",1000000,2000000,1500000,41213,2719,0
310950,Street Fighter V,"2,000,000 .. 5,000,000",2000000,5000000,3500000,29529,14122,0
599140,Graveyard Keeper,"1,000,000 .. 2,000,000",1000000,2000000,1500000,37721,5926,0
601510,Yu-Gi-Oh! Duel Links,"2,000,000 .. 5,000,000",2000000,5000000,3500000,36345,7285,0
269210,Hero Siege,"1,000,000 .. 2,000,000",1000000,2000000,1500000,29813,13699,0
476600,Call of Duty: WWII,"2,000,000 .. 5,000,000",2000000,5000000,3500000,30055,13278,0
253710,theHunter Classic,"5,000,000 .. 10,000,000",5000000,10000000,7500000,24959,17994,0
273110,Counter-Strike Nexon: Studio,"5,000,000 .. 10,000,000",5000000,10000000,7500000,28373,14329,0
834910,ATLAS,"1,000,000 .. 2,000,000",1000000,2000000,1500000,20142,22392,0
261640,Borderlands: The Pre-Sequel,"2,000,000 .. 5,000,000",2000000,5000000,3500000,33577,8802,0
843380,Super Animal Royale,"1,000,000 .. 2,000,000",1000000,2000000,1500000,39667,2700,0
312520,Rain World,"1,000,000 .. 2,000,000",1000000,2000000,1500000,39787,2490,0
242920,Banished,"2,000,000 .. 5,000,000",2000000,5000000,3500000,38173,4073,0
420,Half-Life 2: Episode Two,"5,000,000 .. 10,000,000",5000000,10000000,7500000,40556,1226,0
967050,Pacify,"2,000,000 .. 5,000,000",2000000,5000000,3500000,36071,5620,0
527230,For The King,"2,000,000 .. 5,000,000",2000000,5000000,3500000,36581,4906,0
225080,Brothers - A Tale of Two Sons,"1,000,000 .. 2,000,000",1000000,2000000,1500000,38721,2274,0
245170,Skullgirls 2nd Encore,"2,000,000 .. 5,000,000",2000000,5000000,3500000,29623,11230,0
337000,Deus Ex: Mankind Divided,"2,000,000 .. 5,000,000",2000000,5000000,3500000,31037,9813,0
302510,Ryse: Son of Rome,"2,000,000 .. 5,000,000",2000000,5000000,3500000,35415,5411,0
204450,Call of Juarez: Gunslinger,"2,000,000 .. 5,000,000",2000000,5000000,3500000,38679,2027,0
1840,Source Filmmaker,"1,000,000 .. 2,000,000",1000000,2000000,1500000,37791,2868,0
704270,Generation Zero,"1,000,000 .. 2,000,000",1000000,2000000,1500000,29053,11451,0
1845910,Dragon Age: The Veilguard,"2,000,000 .. 5,000,000",2000000,5000000,3500000,28118,12361,0
42700,Call of Duty: Black Ops,"2,000,000 .. 5,000,000",2000000,5000000,3500000,36530,3695,0
24240,PAYDAY The Heist,"2,000,000 .. 5,000,000",2000000,5000000,3500000,37570,2653,0
310560,DiRT Rally,"2,000,000 .. 5,000,000",2000000,5000000,3500000,34981,4810,0
1850570,DEATH STRANDING DIRECTOR'S CUT,"1,000,000 .. 2,000,000",1000000,2000000,1500000,36697,2819,0
3070070,TCG Card Shop Simulator,"2,000,000 .. 5,000,000",2000000,5000000,3500000,38392,1107,0
692850,Bloodstained: Ritual of the Night,"1,000,000 .. 2,000,000",1000000,2000000,1500000,36999,2486,0
32470,STAR WARS Empire at War - Gold Pack,"1,000,000 .. 2,000,000",1000000,2000000,1500000,38503,932,0
208090,Loadout,"5,000,000 .. 10,000,000",5000000,10000000,7500000,34218,5094,0
1225330,NBA 2K21,"1,000,000 .. 2,000,000",1000000,2000000,1500000,16233,22823,0
805550,Assetto Corsa Competizione,"1,000,000 .. 2,000,000",1000000,2000000,1500000,36035,2908,0
1128810,RISK: Global Domination,"2,000,000 .. 5,000,000",2000000,5000000,3500000,31060,7783,0
322500,SUPERHOT,"1,000,000 .. 2,000,000",1000000,2000000,1500000,35390,3386,0
2551020,One-armed robber,"2,000,000 .. 5,000,000",2000000,5000000,3500000,35393,3335,0
1178830,Bright Memory: Infinite,"1,000,000 .. 2,000,000",1000000,2000000,1500000,35622,3089,0
544810,KARDS - The WWII Card Game,"2,000,000 .. 5,000,000",2000000,5000000,3500000,28543,10136,0
228380,Wreckfest,"1,000,000 .. 2,000,000",1000000,2000000,1500000,34031,4586,0
884660,CRSED: F.O.A.D.,"2,000,000 .. 5,000,000",2000000,5000000,3500000,30411,8179,0
109600,Neverwinter,"5,000,000 .. 10,000,000",5000000,10000000,7500000,29947,8638,0
1184370,Pathfinder: Wrath of the Righteous - Enhanced Edition,"2,000,000 .. 5,000,000",2000000,5000000,3500000,32303,6193,0
312530,Duck Game,"2,000,000 .. 5,000,000",2000000,5000000,3500000,37172,1304,0
611500,Quake Champions,"2,000,000 .. 5,000,000",2000000,5000000,3500000,28297,10068,0
668580,Atomic Heart,"1,000,000 .. 2,000,000",1000000,2000000,1500000,31167,6828,0
2420510,HoloCure - Save the Fans!,"1,000,000 .. 2,000,000",1000000,2000000,1500000,37623,363,0
115300,Call of Duty: Modern Warfare 3 (2011),"2,000,000 .. 5,000,000",2000000,5000000,3500000,33647,4306,0
675010,MudRunner,"1,000,000 .. 2,000,000",1000000,2000000,1500000,34349,3347,0
17410,Mirror's Edge,"2,000,000 .. 5,000,000",2000000,5000000,3500000,32983,4669,0
35450,Red Orchestra 2: Heroes of Stalingrad with Rising Storm,"2,000,000 .. 5,000,000",2000000,5000000,3500000,34765,2863,0
412220,DDraceNetwork,"1,000,000 .. 2,000,000",1000000,2000000,1500000,33440,4010,0
107100,Bastion,"2,000,000 .. 5,000,000",2000000,5000000,3500000,35661,1731,0
242860,Verdun,"1,000,000 .. 2,000,000",1000000,2000000,1500000,32142,5175,0
554620,Life is Strange: Before the Storm,"2,000,000 .. 5,000,000",2000000,5000000,3500000,34787,2506,0
113400,APB Reloaded,"5,000,000 .. 10,000,000",5000000,10000000,7500000,23693,13599,0
418240,Shadow Tactics: Blades of the Shogun,"1,000,000 .. 2,000,000",1000000,2000000,1500000,35767,1470,0
236870,HITMAN,"2,000,000 .. 5,000,000",2000000,5000000,3500000,30973,6227,0
223750,DCS World Steam Edition,"5,000,000 .. 10,000,000",5000000,10000000,7500000,31661,5528,0
24960,Battlefield: Bad Company 2,"2,000,000 .. 5,000,000",2000000,5000000,3500000,31749,5438,0
2021910,FPS Chess,"1,000,000 .. 2,000,000",1000000,2000000,1500000,31223,5909,0
1296830,暖雪 Warm Snow,"1,000,000 .. 2,000,000",1000000,2000000,1500000,34444,2563,0
207140,SpeedRunners,"2,000,000 .. 5,000,000",2000000,5000000,3500000,34525,2215,0
1557740,ROUNDS,"2,000,000 .. 5,000,000",2000000,5000000,3500000,34893,1765,0
532210,Life is Strange 2,"10,000,000 .. 20,000,000",10000000,20000000,15000000,31616,5018,0
438040,Shakes and Fidget,"1,000,000 .. 2,000,000",1000000,2000000,1500000,33837,2756,0
657200,Hand Simulator,"1,000,000 .. 2,000,000",1000000,2000000,1500000,30653,5873,0
334230,Town of Salem,"1,000,000 .. 2,000,000",1000000,2000000,1500000,32095,4314,0
8500,EVE Online,"2,000,000 .. 5,000,000",2000000,5000000,3500000,26813,9575,0
12200,Bully: Scholarship Edition,"2,000,000 .. 5,000,000",2000000,5000000,3500000,30730,5604,0
265630,Fistful of Frags,"2,000,000 .. 5,000,000",2000000,5000000,3500000,33130,3132,0
704850,Thief Simulator,"1,000,000 .. 2,000,000",1000000,2000000,1500000,31601,4206,0
239820,Game Dev Tycoon,"1,000,000 .. 2,000,000",1000000,2000000,1500000,34126,1657,0
823500,BONEWORKS,"1,000,000 .. 2,000,000",1000000,2000000,1500000,32917,2762,0
475150,Titan Quest Anniversary Edition,"2,000,000 .. 5,000,000",2000000,5000000,3500000,32295,3226,0
40800,Super Meat Boy,"2,000,000 .. 5,000,000",2000000,5000000,3500000,33571,1923,0
10500,Total War: EMPIRE – Definitive Edition,"1,000,000 .. 2,000,000",1000000,2000000,1500000,32211,3269,0
266840,Age of Mythology: Extended Edition,"2,000,000 .. 5,000,000",2000000,5000000,3500000,32895,2413,0
325610,Total War: ATTILA,"2,000,000 .. 5,000,000",2000000,5000000,3500000,28785,6287,0
1241100,POLYGON: Multiplayer Shooter,"1,000,000 .. 2,000,000",1000000,2000000,1500000,26313,8756,0
485510,Nioh: Complete Edition,"2,000,000 .. 5,000,000",2000000,5000000,3500000,27867,7025,0
10190,Call of Duty: Modern Warfare 2 (2009),"5,000,000 .. 10,000,000",5000000,10000000,7500000,31945,2927,0
740130,Tales of ARISE,"2,000,000 .. 5,000,000",2000000,5000000,3500000,30379,4403,0
1282730,Loop Hero,"1,000,000 .. 2,000,000",1000000,2000000,1500000,32214,2445,0
844870,KurtzPel,"5,000,000 .. 10,000,000",5000000,10000000,7500000,20936,13480,0
57300,Amnesia: The Dark Descent,"2,000,000 .. 5,000,000",2000000,5000000,3500000,32258,1850,0
110800,L.A. Noire,"2,000,000 .. 5,000,000",2000000,5000000,3500000,29214,4812,0
555570,Infestation: The New Z,"5,000,000 .. 10,000,000",5000000,10000000,7500000,18200,15615,0
1483870,Draw & Guess,"1,000,000 .. 2,000,000",1000000,2000000,1500000,28294,5381,0
640820,Pathfinder: Kingmaker — Enhanced Plus Edition,"2,000,000 .. 5,000,000",2000000,5000000,3500000,26001,7420,0
4700,Total War: MEDIEVAL II – Definitive Edition,"1,000,000 .. 2,000,000",1000000,2000000,1500000,31910,1434,0
535930,Two Point Hospital,"1,000,000 .. 2,000,000",1000000,2000000,1500000,30563,2711,0
1213210,Command & Conquer Remastered Collection,"1,000,000 .. 2,000,000",1000000,2000000,1500000,29891,3069,0
47890,The Sims 3,"2,000,000 .. 5,000,000",2000000,5000000,3500000,28544,4366,0
955050,Bright Memory,"1,000,000 .. 2,000,000",1000000,2000000,1500000,29613,3115,0
274940,Depth,"1,000,000 .. 2,000,000",1000000,2000000,1500000,28701,3964,0
8980,Borderlands Game of the Year,"2,000,000 .. 5,000,000",2000000,5000000,3500000,28944,3579,0
939960,Far Cry New Dawn,"1,000,000 .. 2,000,000",1000000,2000000,1500000,24362,7819,0
105450,Age of Empires III (2007),"2,000,000 .. 5,000,000",2000000,5000000,3500000,29126,2913,0
641990,The Escapists 2,"2,000,000 .. 5,000,000",2000000,5000000,3500000,28948,3000,0
417860,Emily is Away,"1,000,000 .. 2,000,000",1000000,2000000,1500000,28260,3636,0
202990,Call of Duty: Black Ops II,"2,000,000 .. 5,000,000",2000000,5000000,3500000,27100,4790,0
257510,The Talos Principle,"1,000,000 .. 2,000,000",1000000,2000000,1500000,30399,1462,0
380,Half-Life 2: Episode One,"5,000,000 .. 10,000,000",5000000,10000000,7500000,30478,1344,0
1100600,Football Manager 2020,"5,000,000 .. 10,000,000",5000000,10000000,7500000,28341,3401,0
32370,STAR WARS Knights of the Old Republic,"2,000,000 .. 5,000,000",2000000,5000000,3500000,28928,2810,0
261030,The Walking Dead: Season Two,"1,000,000 .. 2,000,000",1000000,2000000,1500000,30526,1113,0
637090,BATTLETECH,"1,000,000 .. 2,000,000",1000000,2000000,1500000,26438,5125,0
394510,HELLDIVERS Dive Harder Edition,"2,000,000 .. 5,000,000",2000000,5000000,3500000,28441,3078,0
2322010,God of War Ragnarök,"1,000,000 .. 2,000,000",1000000,2000000,1500000,27127,4261,0
42910,Magicka,"2,000,000 .. 5,000,000",2000000,5000000,3500000,26997,4365,0
1366800,Crosshair X,"2,000,000 .. 5,000,000",2000000,5000000,3500000,29275,2077,0
942970,Unheard - Voices of Crime,"1,000,000 .. 2,000,000",1000000,2000000,1500000,30125,1184,0
280790,Creativerse,"1,000,000 .. 2,000,000",1000000,2000000,1500000,24051,6924,0
7670,BioShock,"2,000,000 .. 5,000,000",2000000,5000000,3500000,29127,1804,0
209160,Call of Duty: Ghosts,"1,000,000 .. 2,000,000",1000000,2000000,1500000,19917,10996,0
460920,Steep,"1,000,000 .. 2,000,000",1000000,2000000,1500000,25437,5447,0
1254120,Bless Unleashed,"2,000,000 .. 5,000,000",2000000,5000000,3500000,16259,14611,0
2186680,"Warhammer 40,000: Rogue Trader","10,000,000 .. 20,000,000",10000000,20000000,15000000,26360,4445,0
237930,Transistor,"1,000,000 .. 2,000,000",1000000,2000000,1500000,28786,1806,0
55150,"Warhammer 40,000: Space Marine - Anniversary Edition","2,000,000 .. 5,000,000",2000000,5000000,3500000,27915,2501,0
427730,Who's Your Daddy?!,"2,000,000 .. 5,000,000",2000000,5000000,3500000,24318,6091,0
268050,The Evil Within,"2,000,000 .. 5,000,000",2000000,5000000,3500000,25820,4485,0
1030830,Mafia II: Definitive Edition,"2,000,000 .. 5,000,000",2000000,5000000,3500000,21955,8309,0
738060,Freddy Fazbear's Pizzeria Simulator,"2,000,000 .. 5,000,000",2000000,5000000,3500000,28374,1835,0
1049410,Superliminal,"1,000,000 .. 2,000,000",1000000,2000000,1500000,28522,1629,0
905370,Conqueror's Blade,"2,000,000 .. 5,000,000",2000000,5000000,3500000,22576,7558,0
582500,We Were Here,"1,000,000 .. 2,000,000",1000000,2000000,1500000,27014,2983,0
220440,DmC: Devil May Cry,"1,000,000 .. 2,000,000",1000000,2000000,1500000,27949,2035,0
1190000,Car Mechanic Simulator 2021,"1,000,000 .. 2,000,000",1000000,2000000,1500000,28630,1211,0
569480,Kingdoms and Castles,"1,000,000 .. 2,000,000",1000000,2000000,1500000,27743,1972,0
368500,Assassin's Creed Syndicate,"2,000,000 .. 5,000,000",2000000,5000000,3500000,23779,5900,0
337320,Paint the Town Red,"1,000,000 .. 2,000,000",1000000,2000000,1500000,28358,1218,0
1284410,GWENT: The Witcher Card Game,"1,000,000 .. 2,000,000",1000000,2000000,1500000,24044,5320,0
488790,South Park: The Fractured But Whole,"2,000,000 .. 5,000,000",2000000,5000000,3500000,24764,4520,0
12110,Grand Theft Auto: Vice City,"1,000,000 .. 2,000,000",1000000,2000000,1500000,27142,2134,0
444640,Bloons TD Battles,"1,000,000 .. 2,000,000",1000000,2000000,1500000,26414,2682,0
373420,Divinity: Original Sin - Enhanced Edition,"1,000,000 .. 2,000,000",1000000,2000000,1500000,26069,2997,0
1262580,Need for Speed Payback,"1,000,000 .. 2,000,000",1000000,2000000,1500000,24868,4186,0
460790,Bayonetta,"1,000,000 .. 2,000,000",1000000,2000000,1500000,26797,2156,0
278360,A Story About My Uncle,"5,000,000 .. 10,000,000",5000000,10000000,7500000,26479,2437,0
601430,The Evil Within 2,"1,000,000 .. 2,000,000",1000000,2000000,1500000,26655,2251,0
287290,Resident Evil Revelations 2,"1,000,000 .. 2,000,000",1000000,2000000,1500000,22413,6276,0
975370,Dwarf Fortress,"2,000,000 .. 5,000,000",2000000,5000000,3500000,27134,1445,0
794260,Outward Definitive Edition,"1,000,000 .. 2,000,000",1000000,2000000,1500000,20738,7717,0
47810,Dragon Age: Origins - Ultimate Edition,"1,000,000 .. 2,000,000",1000000,2000000,1500000,24599,3813,0
292730,Call of Duty: Infinite Warfare,"1,000,000 .. 2,000,000",1000000,2000000,1500000,16982,11396,0
24010,Train Simulator Classic,"1,000,000 .. 2,000,000",1000000,2000000,1500000,20015,8172,0
474960,Quantum Break,"1,000,000 .. 2,000,000",1000000,2000000,1500000,24117,4023,0
238010,Deus Ex: Human Revolution - Director's Cut,"2,000,000 .. 5,000,000",2000000,5000000,3500000,25909,2216,0
585420,Trailmakers,"1,000,000 .. 2,000,000",1000000,2000000,1500000,25941,2106,0
39140,FINAL FANTASY VII,"1,000,000 .. 2,000,000",1000000,2000000,1500000,25998,2013,0
475550,Beholder,"1,000,000 .. 2,000,000",1000000,2000000,1500000,25444,2303,0
41070,Serious Sam 3: BFE,"2,000,000 .. 5,000,000",2000000,5000000,3500000,24491,3224,0
335240,Transformice,"2,000,000 .. 5,000,000",2000000,5000000,3500000,24320,3341,0
17470,Dead Space (2008),"2,000,000 .. 5,000,000",2000000,5000000,3500000,25388,2272,0
324800,Shadow Warrior 2,"1,000,000 .. 2,000,000",1000000,2000000,1500000,23758,3472,0
459820,Crush Crush,"1,000,000 .. 2,000,000",1000000,2000000,1500000,24246,2949,0
492720,Tropico 6,"1,000,000 .. 2,000,000",1000000,2000000,1500000,23776,3415,0
238090,Sniper Elite 3,"2,000,000 .. 5,000,000",2000000,5000000,3500000,22323,4794,0
1211020,Wobbly Life,"1,000,000 .. 2,000,000",1000000,2000000,1500000,26141,799,0
744900,Dead Frontier 2,"2,000,000 .. 5,000,000",2000000,5000000,3500000,18844,7957,0
304240,Resident Evil,"1,000,000 .. 2,000,000",1000000,2000000,1500000,24613,2154,0
1408720,Krunker,"2,000,000 .. 5,000,000",2000000,5000000,3500000,21147,5599,0
204300,Awesomenauts,"2,000,000 .. 5,000,000",2000000,5000000,3500000,22618,4113,0
1520470,封灵档案,"2,000,000 .. 5,000,000",2000000,5000000,3500000,21945,4737,0
409720,BioShock 2 Remastered,"2,000,000 .. 5,000,000",2000000,5000000,3500000,18860,7762,0
391720,Layers of Fear (2016),"2,000,000 .. 5,000,000",2000000,5000000,3500000,23576,3040,0
767560,War Robots,"5,000,000 .. 10,000,000",5000000,10000000,7500000,15951,10624,0
464920,Surviving Mars,"2,000,000 .. 5,000,000",2000000,5000000,3500000,22472,4098,0
80,Counter-Strike: Condition Zero,"5,000,000 .. 10,000,000",5000000,10000000,7500000,24271,2287,0
22320,The Elder Scrolls III: Morrowind Game of the Year Edition,"1,000,000 .. 2,000,000",1000000,2000000,1500000,25172,1212,0
249130,LEGO Marvel Super Heroes,"1,000,000 .. 2,000,000",1000000,2000000,1500000,24959,1218,0
1262350,SIGNALIS,"1,000,000 .. 2,000,000",1000000,2000000,1500000,25320,837,0
233130,Shadow Warrior,"2,000,000 .. 5,000,000",2000000,5000000,3500000,24071,2080,0
699130,World War Z,"1,000,000 .. 2,000,000",1000000,2000000,1500000,21657,4401,0
209170,Call of Duty: Ghosts,"1,000,000 .. 2,000,000",1000000,2000000,1500000,15087,10789,0
314160,Microsoft Flight Simulator X: Steam Edition,"2,000,000 .. 5,000,000",2000000,5000000,3500000,22120,3483,0
50,Half-Life: Opposing Force,"2,000,000 .. 5,000,000",2000000,5000000,3500000,24363,1198,0
302830,BLOCKADE 3D,"2,000,000 .. 5,000,000",2000000,5000000,3500000,14974,10584,0
383150,Dead Island Definitive Edition,"1,000,000 .. 2,000,000",1000000,2000000,1500000,20934,4593,0
355840,Survarium,"2,000,000 .. 5,000,000",2000000,5000000,3500000,13832,11623,0
34030,Total War: NAPOLEON – Definitive Edition,"1,000,000 .. 2,000,000",1000000,2000000,1500000,23179,2186,0
1343400,RuneScape ,"2,000,000 .. 5,000,000",2000000,5000000,3500000,20941,4397,0
63380,Sniper Elite V2,"2,000,000 .. 5,000,000",2000000,5000000,3500000,22263,2958,0
247080,Crypt of the NecroDancer,"1,000,000 .. 2,000,000",1000000,2000000,1500000,24053,1063,0
365450,Hacknet,"2,000,000 .. 5,000,000",2000000,5000000,3500000,23511,1604,0
7940,Call of Duty 4: Modern Warfare (2007),"2,000,000 .. 5,000,000",2000000,5000000,3500000,23438,1632,0
447020,Farming Simulator 17,"1,000,000 .. 2,000,000",1000000,2000000,1500000,23379,1630,0
42680,Call of Duty: Modern Warfare 3 (2011),"2,000,000 .. 5,000,000",2000000,5000000,3500000,21320,3686,0
2280,DOOM + DOOM II,"1,000,000 .. 2,000,000",1000000,2000000,1500000,24105,879,0
34330,Total War: SHOGUN 2,"2,000,000 .. 5,000,000",2000000,5000000,3500000,22620,2332,0
993090,Lossless Scaling,"2,000,000 .. 5,000,000",2000000,5000000,3500000,22235,2653,0
583950,Artifact,"1,000,000 .. 2,000,000",1000000,2000000,1500000,11614,13144,0
736220,Squad 44,"1,000,000 .. 2,000,000",1000000,2000000,1500000,18508,6156,0
291650,Pillars of Eternity,"1,000,000 .. 2,000,000",1000000,2000000,1500000,21751,2899,0
208580,STAR WARS Knights of the Old Republic II - The Sith Lords,"1,000,000 .. 2,000,000",1000000,2000000,1500000,22754,1556,0
1056640,Phantasy Star Online 2,"2,000,000 .. 5,000,000",2000000,5000000,3500000,16848,7196,0
1263850,Football Manager 2021,"2,000,000 .. 5,000,000",2000000,5000000,3500000,22342,1558,0
392160,X4: Foundations,"1,000,000 .. 2,000,000",1000000,2000000,1500000,18951,4896,0
316010,Magic Duels,"2,000,000 .. 5,000,000",2000000,5000000,3500000,16916,6928,0
99900,Spiral Knights,"2,000,000 .. 5,000,000",2000000,5000000,3500000,19869,3789,0
211500,RaceRoom Racing Experience,"2,000,000 .. 5,000,000",2000000,5000000,3500000,17812,5806,0
11020,TrackMania Nations Forever,"2,000,000 .. 5,000,000",2000000,5000000,3500000,21244,2359,0
434650,Lost Castle / 失落城堡,"1,000,000 .. 2,000,000",1000000,2000000,1500000,20442,3082,0
519860,DUSK,"1,000,000 .. 2,000,000",1000000,2000000,1500000,22830,639,0
1372880,The Day Before,"2,000,000 .. 5,000,000",2000000,5000000,3500000,3686,19751,0
1599600,PlateUp!,"1,000,000 .. 2,000,000",1000000,2000000,1500000,22204,1197,0
239160,Thief,"1,000,000 .. 2,000,000",1000000,2000000,1500000,17337,5926,0
323850,Move or Die,"1,000,000 .. 2,000,000",1000000,2000000,1500000,20818,2415,0
788100,Neon Abyss,"2,000,000 .. 5,000,000",2000000,5000000,3500000,19957,3183,0
48190,Assassin’s Creed Brotherhood,"1,000,000 .. 2,000,000",1000000,2000000,1500000,20484,2652,0
979690,The Ascent,"1,000,000 .. 2,000,000",1000000,2000000,1500000,16932,5952,0
297000,Heroes of Might & Magic III - HD Edition,"1,000,000 .. 2,000,000",1000000,2000000,1500000,18085,4694,0
816020,JUMP FORCE,"1,000,000 .. 2,000,000",1000000,2000000,1500000,16682,6019,0
841370,NBA 2K19,"1,000,000 .. 2,000,000",1000000,2000000,1500000,8866,13826,0
300,Day of Defeat: Source,"2,000,000 .. 5,000,000",2000000,5000000,3500000,20798,1891,0
1094520,Sands of Salzaar,"1,000,000 .. 2,000,000",1000000,2000000,1500000,18556,4085,0
65980,Sid Meier's Civilization: Beyond Earth,"1,000,000 .. 2,000,000",1000000,2000000,1500000,13604,8974,0
285190,"Warhammer 40,000: Dawn of War III","1,000,000 .. 2,000,000",1000000,2000000,1500000,10879,11638,0
858820,Tribes of Midgard,"2,000,000 .. 5,000,000",2000000,5000000,3500000,17197,5278,0
783770,Ironsight,"2,000,000 .. 5,000,000",2000000,5000000,3500000,16204,6206,0
246900,Viscera Cleanup Detail,"1,000,000 .. 2,000,000",1000000,2000000,1500000,20651,1639,0
1029690,Sniper Elite 5,"2,000,000 .. 5,000,000",2000000,5000000,3500000,18453,3750,0
38400,Fallout: A Post Nuclear Role Playing Game,"2,000,000 .. 5,000,000",2000000,5000000,3500000,20902,1296,0
392110,ENDLESS Space 2,"1,000,000 .. 2,000,000",1000000,2000000,1500000,18526,3664,0
837470,Untitled Goose Game,"1,000,000 .. 2,000,000",1000000,2000000,1500000,21184,920,0
33930,Arma 2: Operation Arrowhead,"2,000,000 .. 5,000,000",2000000,5000000,3500000,20414,1676,0
368230,Kingdom: Classic,"2,000,000 .. 5,000,000",2000000,5000000,3500000,20023,2065,0
447820,Day of Infamy,"1,000,000 .. 2,000,000",1000000,2000000,1500000,18172,3883,0
1286680,Tiny Tina's Wonderlands,"1,000,000 .. 2,000,000",1000000,2000000,1500000,15933,6053,0
15100,Assassin's Creed: Director's Cut Edition,"1,000,000 .. 2,000,000",1000000,2000000,1500000,17822,4075,0
368260,Marvel's Midnight Suns,"2,000,000 .. 5,000,000",2000000,5000000,3500000,17871,4003,0
236110,Dungeon Defenders II,"2,000,000 .. 5,000,000",2000000,5000000,3500000,16882,4941,0
431730,Aseprite,"1,000,000 .. 2,000,000",1000000,2000000,1500000,21620,198,0
1929610,Demonologist,"1,000,000 .. 2,000,000",1000000,2000000,1500000,18742,3006,0
673950,Farm Together,"1,000,000 .. 2,000,000",1000000,2000000,1500000,20462,1266,0
1476970,Legends of IdleOn - Idle MMO,"1,000,000 .. 2,000,000",1000000,2000000,1500000,17310,4406,0
374040,Portal Knights,"1,000,000 .. 2,000,000",1000000,2000000,1500000,18093,3593,0
35720,Trine 2: Complete Story,"2,000,000 .. 5,000,000",2000000,5000000,3500000,20682,997,0
1284210,Guild Wars 2,"2,000,000 .. 5,000,000",2000000,5000000,3500000,19151,2392,0
1569040,Football Manager 2022,"2,000,000 .. 5,000,000",2000000,5000000,3500000,19861,1599,0
630,Alien Swarm,"2,000,000 .. 5,000,000",2000000,5000000,3500000,20179,1095,0
527430,"Warhammer 40,000: Inquisitor - Martyr","1,000,000 .. 2,000,000",1000000,2000000,1500000,16053,5097,0
24200,DC Universe Online,"1,000,000 .. 2,000,000",1000000,2000000,1500000,16923,4093,0
212500,The Lord of the Rings Online,"2,000,000 .. 5,000,000",2000000,5000000,3500000,17099,3896,0
323470,DRAGON BALL XENOVERSE,"1,000,000 .. 2,000,000",1000000,2000000,1500000,18775,2127,0
509980,BIGFOOT,"1,000,000 .. 2,000,000",1000000,2000000,1500000,17125,3741,0
1388770,Cruelty Squad,"1,000,000 .. 2,000,000",1000000,2000000,1500000,20136,655,0
996580,Spyro Reignited Trilogy,"1,000,000 .. 2,000,000",1000000,2000000,1500000,19266,1240,0
9480,Saints Row 2,"2,000,000 .. 5,000,000",2000000,5000000,3500000,15420,5046,0
1307550,Craftopia,"1,000,000 .. 2,000,000",1000000,2000000,1500000,15406,4977,0
372000,Tree of Savior (English Ver.),"2,000,000 .. 5,000,000",2000000,5000000,3500000,13046,7265,0
9900,Star Trek Online,"2,000,000 .. 5,000,000",2000000,5000000,3500000,15939,4206,0
1089090,ONE PIECE: PIRATE WARRIORS 4,"1,000,000 .. 2,000,000",1000000,2000000,1500000,18314,1666,0
47870,Need For Speed: Hot Pursuit,"2,000,000 .. 5,000,000",2000000,5000000,3500000,16490,3487,0
10680,Aliens vs. Predator,"1,000,000 .. 2,000,000",1000000,2000000,1500000,18175,1778,0
606150,Moonlighter,"2,000,000 .. 5,000,000",2000000,5000000,3500000,16395,3518,0
235600,Tom Clancy’s Splinter Cell Blacklist,"1,000,000 .. 2,000,000",1000000,2000000,1500000,15918,3989,0
67370,The Darkness II,"2,000,000 .. 5,000,000",2000000,5000000,3500000,18121,1651,0
1904540,Football Manager 2023,"2,000,000 .. 5,000,000",2000000,5000000,3500000,17645,2012,0
1044720,Farthest Frontier,"1,000,000 .. 2,000,000",1000000,2000000,1500000,16780,2724,0
201790,Orcs Must Die! 2,"2,000,000 .. 5,000,000",2000000,5000000,3500000,17917,1371,0
262410,World of Guns: Gun Disassembly,"2,000,000 .. 5,000,000",2000000,5000000,3500000,16184,3058,0
251060,Wargame: Red Dragon,"1,000,000 .. 2,000,000",1000000,2000000,1500000,17036,2147,0
265550,Dead Rising 3 Apocalypse Edition,"1,000,000 .. 2,000,000",1000000,2000000,1500000,14615,4459,0
225260,Brutal Legend,"2,000,000 .. 5,000,000",2000000,5000000,3500000,17657,1314,0
560130,Pillars of Eternity II: Deadfire,"1,000,000 .. 2,000,000",1000000,2000000,1500000,16666,2265,0
130,Half-Life: Blue Shift,"1,000,000 .. 2,000,000",1000000,2000000,1500000,17384,1410,0
1016920,Unrailed!,"1,000,000 .. 2,000,000",1000000,2000000,1500000,17426,1243,0
1475810,Ghostwire: Tokyo,"1,000,000 .. 2,000,000",1000000,2000000,1500000,15393,3269,0
289130,ENDLESS Legend,"2,000,000 .. 5,000,000",2000000,5000000,3500000,15589,3042,0
237110,Mortal Kombat Komplete Edition,"1,000,000 .. 2,000,000",1000000,2000000,1500000,16939,1574,0
893520,Creative Destruction,"2,000,000 .. 5,000,000",2000000,5000000,3500000,14571,3940,0
736590,Operation: Harsh Doorstop,"2,000,000 .. 5,000,000",2000000,5000000,3500000,14167,4253,0
1343370,Old School RuneScape,"1,000,000 .. 2,000,000",1000000,2000000,1500000,15244,3091,0
224540,Ace of Spades: Battle Builder,"1,000,000 .. 2,000,000",1000000,2000000,1500000,11922,6346,0
312990,The Expendabros,"2,000,000 .. 5,000,000",2000000,5000000,3500000,17661,513,0
388410,Darksiders II Deathinitive Edition,"2,000,000 .. 5,000,000",2000000,5000000,3500000,14223,3887,0
65800,Dungeon Defenders,"2,000,000 .. 5,000,000",2000000,5000000,3500000,16818,1242,0
780310,The Riftbreaker,"1,000,000 .. 2,000,000",1000000,2000000,1500000,16245,1760,0
34870,Sniper: Ghost Warrior 2,"1,000,000 .. 2,000,000",1000000,2000000,1500000,13533,4383,0
918570,Century: Age of Ashes,"2,000,000 .. 5,000,000",2000000,5000000,3500000,13226,4514,0
506540,Last Man Standing,"2,000,000 .. 5,000,000",2000000,5000000,3500000,10776,6811,0
2680010,The First Berserker: Khazan,"1,000,000 .. 2,000,000",1000000,2000000,1500000,15733,1816,0
424280,Iron Snout,"2,000,000 .. 5,000,000",2000000,5000000,3500000,16955,391,0
42710,Call of Duty: Black Ops,"2,000,000 .. 5,000,000",2000000,5000000,3500000,15124,2010,0
775500,SCARLET NEXUS,"1,000,000 .. 2,000,000",1000000,2000000,1500000,13888,3237,0
202170,Sleeping Dogs,"1,000,000 .. 2,000,000",1000000,2000000,1500000,16134,950,0
232890,Stronghold Crusader 2,"1,000,000 .. 2,000,000",1000000,2000000,1500000,12328,4754,0
250400,How to Survive,"1,000,000 .. 2,000,000",1000000,2000000,1500000,14071,2954,0
228200,Company of Heroes,"1,000,000 .. 2,000,000",1000000,2000000,1500000,16025,946,0
2622000,Astral Party ,"1,000,000 .. 2,000,000",1000000,2000000,1500000,9547,7422,0
311340,METAL GEAR SOLID V: GROUND ZEROES,"1,000,000 .. 2,000,000",1000000,2000000,1500000,14283,2673,0
19900,Far Cry 2,"1,000,000 .. 2,000,000",1000000,2000000,1500000,12895,3942,0
248570,Toribash,"2,000,000 .. 5,000,000",2000000,5000000,3500000,14775,1928,0
706990,BLOCKPOST,"1,000,000 .. 2,000,000",1000000,2000000,1500000,12342,4219,0
391460,WARMODE,"1,000,000 .. 2,000,000",1000000,2000000,1500000,10255,6275,0
233720,Surgeon Simulator,"1,000,000 .. 2,000,000",1000000,2000000,1500000,13566,2927,0
355180,Codename CURE,"2,000,000 .. 5,000,000",2000000,5000000,3500000,13960,2518,0
17460,Mass Effect (2007),"1,000,000 .. 2,000,000",1000000,2000000,1500000,15394,1040,0
228280,Baldur's Gate: Enhanced Edition,"1,000,000 .. 2,000,000",1000000,2000000,1500000,15123,1275,0
239350,Spelunky,"1,000,000 .. 2,000,000",1000000,2000000,1500000,15005,1288,0
1637320,Dome Keeper,"2,000,000 .. 5,000,000",2000000,5000000,3500000,14952,1260,0
4760,Rome: Total War - Collection,"1,000,000 .. 2,000,000",1000000,2000000,1500000,15304,873,0
270150,RUNNING WITH RIFLES,"1,000,000 .. 2,000,000",1000000,2000000,1500000,14195,1932,0
544730,Catan Universe,"1,000,000 .. 2,000,000",1000000,2000000,1500000,7826,8234,0
280,Half-Life: Source,"2,000,000 .. 5,000,000",2000000,5000000,3500000,11068,4988,0
6000,STAR WARS Republic Commando,"1,000,000 .. 2,000,000",1000000,2000000,1500000,15357,687,0
204880,Sins of a Solar Empire: Rebellion,"2,000,000 .. 5,000,000",2000000,5000000,3500000,14919,1096,0
1277400,Monster Hunter Stories 2: Wings of Ruin,"2,000,000 .. 5,000,000",2000000,5000000,3500000,13186,2801,0
462780,Darksiders Warmastered Edition,"1,000,000 .. 2,000,000",1000000,2000000,1500000,13991,1943,0
214560,Mark of the Ninja,"1,000,000 .. 2,000,000",1000000,2000000,1500000,15360,476,0
1061910,Metal: Hellsinger,"1,000,000 .. 2,000,000",1000000,2000000,1500000,15140,626,0
341800,Keep Talking and Nobody Explodes,"1,000,000 .. 2,000,000",1000000,2000000,1500000,15346,401,0
224760,FEZ,"1,000,000 .. 2,000,000",1000000,2000000,1500000,14425,1137,0
24980,Mass Effect 2 (2010 Edition),"1,000,000 .. 2,000,000",1000000,2000000,1500000,14623,920,0
282440,Quake Live,"2,000,000 .. 5,000,000",2000000,5000000,3500000,13303,2074,0
1238820,Battlefield 3,"1,000,000 .. 2,000,000",1000000,2000000,1500000,10748,4612,0
35700,Trine Enchanted Edition,"2,000,000 .. 5,000,000",2000000,5000000,3500000,14696,649,0
436150,Governor of Poker 3,"2,000,000 .. 5,000,000",2000000,5000000,3500000,10541,4800,0
40990,Mafia,"1,000,000 .. 2,000,000",1000000,2000000,1500000,13346,1911,0
606280,Darksiders III,"1,000,000 .. 2,000,000",1000000,2000000,1500000,11626,3571,0
299360,Block N Load,"2,000,000 .. 5,000,000",2000000,5000000,3500000,11944,3237,0
448510,Overcooked,"1,000,000 .. 2,000,000",1000000,2000000,1500000,13706,1469,0
1515210,The Past Within,"1,000,000 .. 2,000,000",1000000,2000000,1500000,14362,794,0
17480,Command & Conquer: Red Alert 3,"1,000,000 .. 2,000,000",1000000,2000000,1500000,12792,2220,0
100,Counter-Strike: Condition Zero,"10,000,000 .. 20,000,000",10000000,20000000,15000000,13442,1535,0
491950,Orwell: Keeping an Eye On You,"1,000,000 .. 2,000,000",1000000,2000000,1500000,13540,1414,0
212070,Star Conflict,"2,000,000 .. 5,000,000",2000000,5000000,3500000,10879,3974,0
259080,Just Cause 2: Multiplayer Mod,"2,000,000 .. 5,000,000",2000000,5000000,3500000,13558,1246,0
287450,Rise of Nations: Extended Edition,"1,000,000 .. 2,000,000",1000000,2000000,1500000,13962,782,0
453480,Shadowverse CCG,"2,000,000 .. 5,000,000",2000000,5000000,3500000,10839,3875,0
209080,Guns of Icarus Online,"2,000,000 .. 5,000,000",2000000,5000000,3500000,13172,1473,0
12100,Grand Theft Auto III,"2,000,000 .. 5,000,000",2000000,5000000,3500000,12654,1946,0
550900,Metin2,"2,000,000 .. 5,000,000",2000000,5000000,3500000,10212,4355,0
6910,Deus Ex: Game of the Year Edition,"1,000,000 .. 2,000,000",1000000,2000000,1500000,13801,751,0
627690,Idle Champions of the Forgotten Realms,"1,000,000 .. 2,000,000",1000000,2000000,1500000,11212,3268,0
1056960,Wolfenstein: Youngblood,"2,000,000 .. 5,000,000",2000000,5000000,3500000,6360,8083,0
8850,BioShock 2,"1,000,000 .. 2,000,000",1000000,2000000,1500000,12864,1555,0
2310,Quake,"1,000,000 .. 2,000,000",1000000,2000000,1500000,13926,474,0
1536610,OpenTTD,"1,000,000 .. 2,000,000",1000000,2000000,1500000,13845,549,0
320,Half-Life 2: Deathmatch,"10,000,000 .. 20,000,000",10000000,20000000,15000000,12962,1334,0
210770,Sanctum 2,"2,000,000 .. 5,000,000",2000000,5000000,3500000,12856,1435,0
845070,The Awesome Adventures of Captain Spirit,"2,000,000 .. 5,000,000",2000000,5000000,3500000,13218,1036,0
216150,MapleStory,"1,000,000 .. 2,000,000",1000000,2000000,1500000,8882,5305,0
245620,Tropico 5,"1,000,000 .. 2,000,000",1000000,2000000,1500000,11092,3031,0
1522820,Orcs Must Die! 3,"1,000,000 .. 2,000,000",1000000,2000000,1500000,12067,2016,0
961200,Predecessor,"1,000,000 .. 2,000,000",1000000,2000000,1500000,10260,3776,0
6860,Hitman: Blood Money,"2,000,000 .. 5,000,000",2000000,5000000,3500000,13213,821,0
1399780,Spellbreak,"2,000,000 .. 5,000,000",2000000,5000000,3500000,12119,1887,0
630100,SoulWorker - Anime Action MMO,"2,000,000 .. 5,000,000",2000000,5000000,3500000,11048,2901,0
350640,Sherlock Holmes: The Devil's Daughter,"1,000,000 .. 2,000,000",1000000,2000000,1500000,10985,2803,0
340,Half-Life 2: Lost Coast,"20,000,000 .. 50,000,000",20000000,50000000,35000000,12215,1471,0
108800,Crysis 2 - Maximum Edition,"1,000,000 .. 2,000,000",1000000,2000000,1500000,11621,2008,0
544750,SOULCALIBUR VI,"1,000,000 .. 2,000,000",1000000,2000000,1500000,11147,2394,0
278080,DYNASTY WARRIORS 8: Xtreme Legends Complete Edition,"1,000,000 .. 2,000,000",1000000,2000000,1500000,11342,2155,0
238370,Magicka 2,"2,000,000 .. 5,000,000",2000000,5000000,3500000,11061,2330,0
234650,Shadowrun Returns,"2,000,000 .. 5,000,000",2000000,5000000,3500000,11833,1549,0
17300,Crysis,"1,000,000 .. 2,000,000",1000000,2000000,1500000,10565,2649,0
4920,Natural Selection 2,"1,000,000 .. 2,000,000",1000000,2000000,1500000,11207,1932,0
1611910,"Warhammer 40,000: Chaos Gate - Daemonhunters","2,000,000 .. 5,000,000",2000000,5000000,3500000,10162,2945,0
102500,Kingdoms of Amalur: Reckoning,"1,000,000 .. 2,000,000",1000000,2000000,1500000,11366,1553,0
15620,"Warhammer 40,000: Dawn of War II - Anniversary Edition (Classic)","2,000,000 .. 5,000,000",2000000,5000000,3500000,11298,1476,0
55100,Homefront,"2,000,000 .. 5,000,000",2000000,5000000,3500000,7787,4980,0
204340,Serious Sam II,"1,000,000 .. 2,000,000",1000000,2000000,1500000,11356,1312,0
224600,Defiance,"2,000,000 .. 5,000,000",2000000,5000000,3500000,9676,2964,0
226840,Age of Wonders III,"1,000,000 .. 2,000,000",1000000,2000000,1500000,10093,2485,0
56437,"Warhammer 40,000: Dawn of War II: Retribution","1,000,000 .. 2,000,000",1000000,2000000,1500000,11303,1207,0
872790,Football Manager 2019,"1,000,000 .. 2,000,000",1000000,2000000,1500000,10827,1653,0
57690,Tropico 4,"1,000,000 .. 2,000,000",1000000,2000000,1500000,11400,1027,0
50620,Darksiders,"2,000,000 .. 5,000,000",2000000,5000000,3500000,11074,1328,0
395170,DISTRAINT: Deluxe Edition,"2,000,000 .. 5,000,000",2000000,5000000,3500000,11408,834,0
342200,MechWarrior Online Solaris 7,"2,000,000 .. 5,000,000",2000000,5000000,3500000,9790,2430,0
389570,Mitos.is: The Game,"2,000,000 .. 5,000,000",2000000,5000000,3500000,9560,2271,0
34270,SEGA Mega Drive and Genesis Classics,"1,000,000 .. 2,000,000",1000000,2000000,1500000,9533,2269,0
65930,The Bureau: XCOM Declassified,"2,000,000 .. 5,000,000",2000000,5000000,3500000,8277,3509,0
407530,ARK: Survival Of The Fittest,"2,000,000 .. 5,000,000",2000000,5000000,3500000,7766,3926,0
1147550,Not For Broadcast,"1,000,000 .. 2,000,000",1000000,2000000,1500000,10897,687,0
39500,Gothic 3,"1,000,000 .. 2,000,000",1000000,2000000,1500000,9244,2120,0
286940,S.K.I.L.L. - Special Force 2 (Shooter),"2,000,000 .. 5,000,000",2000000,5000000,3500000,8049,3267,0
39120,RIFT,"2,000,000 .. 5,000,000",2000000,5000000,3500000,8347,2896,0
4570,"Warhammer 40,000: Dawn of War - Anniversary Edition (Classic)","1,000,000 .. 2,000,000",1000000,2000000,1500000,10634,572,0
349700,Romero's Aftermath,"1,000,000 .. 2,000,000",1000000,2000000,1500000,5385,5693,0
364470,The Elder Scrolls: Legends,"1,000,000 .. 2,000,000",1000000,2000000,1500000,8267,2776,0
482730,Football Manager 2017,"2,000,000 .. 5,000,000",2000000,5000000,3500000,6576,4465,0
232770,POSTAL,"2,000,000 .. 5,000,000",2000000,5000000,3500000,10023,1000,0
32430,STAR WARS - The Force Unleashed Ultimate Sith Edition,"1,000,000 .. 2,000,000",1000000,2000000,1500000,8334,2681,0
2064650,Tower of Fantasy,"1,000,000 .. 2,000,000",1000000,2000000,1500000,7595,3375,0
203290,America's Army: Proving Grounds,"2,000,000 .. 5,000,000",2000000,5000000,3500000,8637,2315,0
378540,The Surge,"1,000,000 .. 2,000,000",1000000,2000000,1500000,8236,2715,0
530700,Argo,"2,000,000 .. 5,000,000",2000000,5000000,3500000,5610,5315,0
389430,Knight Online,"2,000,000 .. 5,000,000",2000000,5000000,3500000,5482,5404,0
2100,Dark Messiah of Might & Magic,"1,000,000 .. 2,000,000",1000000,2000000,1500000,9813,951,0
1057240,Crucible Beta,"2,000,000 .. 5,000,000",2000000,5000000,3500000,4624,6120,0
442080,Riders of Icarus,"1,000,000 .. 2,000,000",1000000,2000000,1500000,7083,3643,0
446800,Transport Fever,"1,000,000 .. 2,000,000",1000000,2000000,1500000,8934,1788,0
206500,AirMech Strike,"1,000,000 .. 2,000,000",1000000,2000000,1500000,8984,1695,0
242720,GunZ 2: The Second Duel,"2,000,000 .. 5,000,000",2000000,5000000,3500000,7055,3622,0
2630,Call of Duty 2,"5,000,000 .. 10,000,000",5000000,10000000,7500000,9804,670,0
13520,Far Cry,"2,000,000 .. 5,000,000",2000000,5000000,3500000,8406,1853,0
215080,WAKFU,"1,000,000 .. 2,000,000",1000000,2000000,1500000,7744,2492,0
12220,Grand Theft Auto: Episodes from Liberty City,"2,000,000 .. 5,000,000",2000000,5000000,3500000,7524,2647,0
47790,Medal of Honor,"1,000,000 .. 2,000,000",1000000,2000000,1500000,7621,2438,0
410320,EARTH DEFENSE FORCE 4.1 The Shadow of New Despair,"1,000,000 .. 2,000,000",1000000,2000000,1500000,9554,500,0
257350,Baldur's Gate II: Enhanced Edition,"1,000,000 .. 2,000,000",1000000,2000000,1500000,9243,797,0
666220,CS2D,"1,000,000 .. 2,000,000",1000000,2000000,1500000,8950,987,0
681660,Bless Online,"1,000,000 .. 2,000,000",1000000,2000000,1500000,3683,6185,0
809960,Radical Heights,"1,000,000 .. 2,000,000",1000000,2000000,1500000,6072,3727,0
26800,Braid,"1,000,000 .. 2,000,000",1000000,2000000,1500000,9121,640,0
899440,GOD EATER 3,"1,000,000 .. 2,000,000",1000000,2000000,1500000,7450,1921,0
208140,ENDLESS Space - Definitive Edition,"1,000,000 .. 2,000,000",1000000,2000000,1500000,7540,1824,0
32800,Lord of the Rings: War in the North,"1,000,000 .. 2,000,000",1000000,2000000,1500000,7603,1749,0
215280,Secret World Legends,"1,000,000 .. 2,000,000",1000000,2000000,1500000,6104,2956,0
436520,Line of Sight,"2,000,000 .. 5,000,000",2000000,5000000,3500000,5402,3653,0
202750,Alan Wake's American Nightmare,"1,000,000 .. 2,000,000",1000000,2000000,1500000,6527,2433,0
17080,Tribes: Ascend,"1,000,000 .. 2,000,000",1000000,2000000,1500000,6946,1639,0
268420,Aura Kingdom,"2,000,000 .. 5,000,000",2000000,5000000,3500000,6676,1884,0
96100,Defy Gravity Extended,"1,000,000 .. 2,000,000",1000000,2000000,1500000,7365,1187,0
303390,Dead Bits,"2,000,000 .. 5,000,000",2000000,5000000,3500000,5141,3408,0
113020,Monaco: What's Yours Is Mine,"2,000,000 .. 5,000,000",2000000,5000000,3500000,7728,800,0
323580,Jotun: Valhalla Edition,"2,000,000 .. 5,000,000",2000000,5000000,3500000,6536,1905,0
9010,Return to Castle Wolfenstein,"2,000,000 .. 5,000,000",2000000,5000000,3500000,7832,585,0
261110,Killer is Dead - Nightmare Edition,"1,000,000 .. 2,000,000",1000000,2000000,1500000,6296,2105,0
214420,Gear Up,"1,000,000 .. 2,000,000",1000000,2000000,1500000,6243,2119,0
41000,Serious Sam HD: The First Encounter,"1,000,000 .. 2,000,000",1000000,2000000,1500000,7652,539,0
102600,Orcs Must Die!,"1,000,000 .. 2,000,000",1000000,2000000,1500000,7856,333,0
537180,Digimon Masters Online,"1,000,000 .. 2,000,000",1000000,2000000,1500000,5461,2664,0
286570,F1 2015,"2,000,000 .. 5,000,000",2000000,5000000,3500000,4720,3172,0
212160,Vindictus,"2,000,000 .. 5,000,000",2000000,5000000,3500000,5300,2563,0
207230,ArcheBlade,"1,000,000 .. 2,000,000",1000000,2000000,1500000,5594,2053,0
2552430,KINGDOM HEARTS -HD 1.5+2.5 ReMIX-,"1,000,000 .. 2,000,000",1000000,2000000,1500000,6361,1241,0
113420,Fallen Earth Free2Play,"1,000,000 .. 2,000,000",1000000,2000000,1500000,4484,3047,0
327690,Gigantic,"1,000,000 .. 2,000,000",1000000,2000000,1500000,5759,1731,0
2012510,Stormgate,"1,000,000 .. 2,000,000",1000000,2000000,1500000,3728,3755,0
3910,Sid Meier's Civilization III Complete,"1,000,000 .. 2,000,000",1000000,2000000,1500000,6485,746,0
206480,Dungeons & Dragons Online,"1,000,000 .. 2,000,000",1000000,2000000,1500000,5140,2090,0
640590,The LEGO NINJAGO Movie Video Game,"1,000,000 .. 2,000,000",1000000,2000000,1500000,6151,1028,0
673130,AMID EVIL,"1,000,000 .. 2,000,000",1000000,2000000,1500000,6709,448,0
351940,The Descendant,"2,000,000 .. 5,000,000",2000000,5000000,3500000,6312,811,0
30,Day of Defeat,"5,000,000 .. 10,000,000",5000000,10000000,7500000,6414,688,0
701160,Kingdom Two Crowns,"2,000,000 .. 5,000,000",2000000,5000000,3500000,6244,819,0
4560,Company of Heroes - Legacy Edition,"2,000,000 .. 5,000,000",2000000,5000000,3500000,6540,457,0
41500,Torchlight,"1,000,000 .. 2,000,000",1000000,2000000,1500000,6319,637,0
275390,Guacamelee! Super Turbo Championship Edition,"5,000,000 .. 10,000,000",5000000,10000000,7500000,6234,499,0
343710,Kholat,"2,000,000 .. 5,000,000",2000000,5000000,3500000,4485,2238,0
511470,Glass Masquerade,"2,000,000 .. 5,000,000",2000000,5000000,3500000,6405,202,0
292910,Deponia: The Complete Journey,"1,000,000 .. 2,000,000",1000000,2000000,1500000,5613,931,0
439190,Stories: The Path of Destinies,"2,000,000 .. 5,000,000",2000000,5000000,3500000,5754,767,0
96000,The Tiny Bang Story,"2,000,000 .. 5,000,000",2000000,5000000,3500000,5630,821,0
450390,The Lab,"1,000,000 .. 2,000,000",1000000,2000000,1500000,6066,323,0
253980,Enclave,"1,000,000 .. 2,000,000",1000000,2000000,1500000,5068,1312,0
921630,音灵 INVAXION,"1,000,000 .. 2,000,000",1000000,2000000,1500000,3303,2911,0
427270,Orcs Must Die! Unchained,"1,000,000 .. 2,000,000",1000000,2000000,1500000,4205,1915,0
65790,ARMA: Cold War Assault,"1,000,000 .. 2,000,000",1000000,2000000,1500000,4857,1236,0
2096610,Crysis 3 Remastered,"1,000,000 .. 2,000,000",1000000,2000000,1500000,5108,685,0
332070,School of Dragons,"1,000,000 .. 2,000,000",1000000,2000000,1500000,3435,2127,0
299460,Woodle Tree Adventures,"1,000,000 .. 2,000,000",1000000,2000000,1500000,3717,1800,0
346330,BrainBread 2,"1,000,000 .. 2,000,000",1000000,2000000,1500000,3785,1382,0
240320,Panzar,"1,000,000 .. 2,000,000",1000000,2000000,1500000,3397,1750,0
443110,Armored Warfare,"1,000,000 .. 2,000,000",1000000,2000000,1500000,3238,1713,0
6880,Just Cause,"1,000,000 .. 2,000,000",1000000,2000000,1500000,3266,1674,0
360,Half-Life Deathmatch: Source,"5,000,000 .. 10,000,000",5000000,10000000,7500000,3657,1242,0
3132990,Black Myth: Wukong Benchmark Tool,"2,000,000 .. 5,000,000",2000000,5000000,3500000,4485,368,0
55110,Red Faction: Armageddon,"1,000,000 .. 2,000,000",1000000,2000000,1500000,3537,1314,0
47830,Medal of Honor,"1,000,000 .. 2,000,000",1000000,2000000,1500000,3382,1403,0
377300,Thunder Tier One,"1,000,000 .. 2,000,000",1000000,2000000,1500000,3162,1573,0
253900,Knights and Merchants,"1,000,000 .. 2,000,000",1000000,2000000,1500000,3949,714,0
1515950,Capcom Arcade Stadium,"1,000,000 .. 2,000,000",1000000,2000000,1500000,2397,2010,0
1058020,"STAR WARS Battlefront (Classic, 2004)","1,000,000 .. 2,000,000",1000000,2000000,1500000,4186,153,0
6850,Hitman 2: Silent Assassin,"1,000,000 .. 2,000,000",1000000,2000000,1500000,3478,724,0
23310,The Last Remnant,"1,000,000 .. 2,000,000",1000000,2000000,1500000,3308,762,0
17330,Crysis Warhead,"1,000,000 .. 2,000,000",1000000,2000000,1500000,3280,544,0
370910,Kathy Rain,"5,000,000 .. 10,000,000",5000000,10000000,7500000,3478,300,0
263500,Dragons and Titans,"1,000,000 .. 2,000,000",1000000,2000000,1500000,2715,726,0
1676130,Deadlink,"1,000,000 .. 2,000,000",1000000,2000000,1500000,3050,349,0
20570,"Warhammer 40,000: Dawn of War II Chaos Rising","1,000,000 .. 2,000,000",1000000,2000000,1500000,3047,304,0
418070,Turbo Pug,"1,000,000 .. 2,000,000",1000000,2000000,1500000,3029,316,0
231060,Ragnarok Online 2,"1,000,000 .. 2,000,000",1000000,2000000,1500000,1848,1336,0
40,Deathmatch Classic,"5,000,000 .. 10,000,000",5000000,10000000,7500000,2618,545,0
285800,Braveland,"5,000,000 .. 10,000,000",5000000,10000000,7500000,2555,577,0
1491000,War Robots: Frontiers,"20,000,000 .. 50,000,000",20000000,50000000,35000000,1977,1105,0
308040,Back to Bed,"2,000,000 .. 5,000,000",2000000,5000000,3500000,2296,537,0
638070,Murderous Pursuits,"1,000,000 .. 2,000,000",1000000,2000000,1500000,1794,1022,0
232050,Eador. Masters of the Broken World,"1,000,000 .. 2,000,000",1000000,2000000,1500000,1871,872,0
252130,Divide By Sheep,"2,000,000 .. 5,000,000",2000000,5000000,3500000,2376,246,0
439700,Z1 Battle Royale: Test Server,"5,000,000 .. 10,000,000",5000000,10000000,7500000,1341,1224,0
265590,The Red Solstice,"2,000,000 .. 5,000,000",2000000,5000000,3500000,1772,729,0
33900,Arma 2,"2,000,000 .. 5,000,000",2000000,5000000,3500000,1769,348,0
585690,Minimalism,"2,000,000 .. 5,000,000",2000000,5000000,3500000,1276,465,0
334210,Fortified,"1,000,000 .. 2,000,000",1000000,2000000,1500000,1275,435,0
417910,Street Warriors Online,"10,000,000 .. 20,000,000",10000000,20000000,15000000,941,693,0
34440,Sid Meier's Civilization IV,"1,000,000 .. 2,000,000",1000000,2000000,1500000,1473,145,0
34460,Civilization IV: Beyond the Sword,"1,000,000 .. 2,000,000",1000000,2000000,1500000,1516,75,0
487220,Freebie,"1,000,000 .. 2,000,000",1000000,2000000,1500000,1032,371,0
319830,AX:EL - Air XenoDawn,"1,000,000 .. 2,000,000",1000000,2000000,1500000,899,293,0
9340,Company of Heroes: Opposing Fronts,"1,000,000 .. 2,000,000",1000000,2000000,1500000,1045,93,0
279720,The I of the Dragon,"2,000,000 .. 5,000,000",2000000,5000000,3500000,676,321,0
1755910,Capcom Arcade 2nd Stadium,"1,000,000 .. 2,000,000",1000000,2000000,1500000,665,312,0
510840,Evolvation,"1,000,000 .. 2,000,000",1000000,2000000,1500000,644,304,0
437900,Party Jousting,"2,000,000 .. 5,000,000",2000000,5000000,3500000,662,61,0
253960,Jack Orlando: Director's Cut,"1,000,000 .. 2,000,000",1000000,2000000,1500000,445,202,0
476480,Heaven Forest - VR MMO,"2,000,000 .. 5,000,000",2000000,5000000,3500000,331,156,0
304670,Aeon Command,"1,000,000 .. 2,000,000",1000000,2000000,1500000,325,87,0
360970,Heaven Forest NIGHTS,"2,000,000 .. 5,000,000",2000000,5000000,3500000,227,112,0
1116170,CyberCorp,"10,000,000 .. 20,000,000",10000000,20000000,15000000,266,56,0
311860,Data Hacker: Initiation,"1,000,000 .. 2,000,000",1000000,2000000,1500000,173,95,0
613010,Secret in Story,"2,000,000 .. 5,000,000",2000000,5000000,3500000,79,35,0
1266680,Strobophagia | Rave Horror,"1,000,000 .. 2,000,000",1000000,2000000,1500000,75,16,0
1380400,Saving Grace,"1,000,000 .. 2,000,000",1000000,2000000,1500000,27,2,0
1627140,Sabre Team,"1,000,000 .. 2,000,000",1000000,2000000,1500000,2,2,0
1619450,Heart of a Warrior,"2,000,000 .. 5,000,000",2000000,5000000,3500000,0,1,0
